broker,count,bamount,bcount,samount,scount,top3
华安证券股份有限公司深圳深南西路证券营业部,1,300.0,1,0.0,0,永泰能源
华泰证券股份有限公司武汉中央商务区珠江路证券营业部,1,96.19,1,0.0,0,曙光股份
华泰证券股份有限公司深圳益田路荣超商务中心证券营业部,15,16969.67,10,6095.05,5,"东方通信,乐普医疗,朗迪集团,"
东吴证券股份有限公司苏州西北街证券营业部,5,3803.38,4,294.0,1,"东方通信,深纺织A,和顺电气"
华福证券有限责任公司建阳中山路证券营业部,1,199.28,1,0.0,0,永泰能源
申万宏源西部证券有限公司深圳上步中路证券营业部,6,1627.95,5,894.83,1,"新疆交建,宇信科技,曙光股份"
华泰证券股份有限公司北京广渠门内大街证券营业部,11,5672.67,6,3763.45,5,"东方通信,海特高新,金龙羽,"
国信证券股份有限公司深圳泰然九路证券营业部,8,777.92,4,1060.73,4,"浔兴股份,宇晶股份,永泰能源,"
中信证券（山东）有限责任公司枣庄文化中路证券营业部,2,64.8,1,171.27,1,"曙光股份,山西路桥"
沪股通专用,8,3912.56,3,2806.18,5,"吉比特,蓝光发展,继峰股份,"
财富证券有限责任公司杭州西湖国贸中心证券营业部,6,4772.79,4,1658.03,2,"东方通信,新大洲A,贝通信,"
东方证券股份有限公司海口金龙路证券营业部,1,99.33,1,0.0,0,永泰能源
中信建投证券股份有限公司海口龙华路证券营业部,1,64.32,1,0.0,0,曙光股份
申万宏源证券有限公司重庆中山一路营业部,1,166.41,1,0.0,0,香飘飘
中天证券股份有限公司深圳民田路证券营业部,4,2618.39,2,3075.08,2,"新疆交建,东方通信"
国金证券股份有限公司上海浦东新区芳甸路证券营业部,1,0.0,0,384.65,1,香飘飘
民生证券股份有限公司河南分公司,2,85.68,1,904.31,1,"永泰能源,新疆交建"
第一创业证券股份有限公司北京新街口北大街证券营业部,6,1606.74,1,4200.2,5,"东方通信,东信和平"
中国银河证券股份有限公司郑州健康路证券营业部,1,60.12,1,0.0,0,曙光股份
招商证券股份有限公司上海陆家嘴东路证券营业部,2,227.73,1,314.6,1,"多喜爱,香飘飘"
华西证券股份有限公司眉山湖滨路证券营业部,3,930.55,1,1834.45,2,"天龙集团,东方通信"
湘财证券股份有限公司台州祥和路证券营业部,17,5649.8,8,5280.08,9,"新疆交建,剑桥科技,顶固集创,"
上海证券有限责任公司商城路证券营业部,1,0.0,0,530.31,1,吉比特
西藏东方财富证券股份有限公司拉萨团结路第二证券营业部,110,31224.09,58,27230.44,52,"隆利科技,新疆交建,新海宜,"
东方证券股份有限公司上海浦东新区春晓路证券营业部,10,3477.81,5,3927.83,5,"高斯贝尔,新开源,全新好,"
华融证券股份有限公司长沙五一西路证券营业部,1,0.0,0,480.98,1,吉比特
中信证券股份有限公司慈溪慈甬路证券营业部,1,0.0,0,186.62,1,香飘飘
招商证券股份有限公司咸阳世纪大道证券营业部,1,0.0,0,430.76,1,永泰能源
长江证券股份有限公司天津长江道证券营业部,4,216.67,1,1634.09,3,"南风股份,东方通信"
国泰君安证券股份有限公司江西分公司,4,827.25,2,891.8,2,"雅运股份,新开源,曙光股份,"
招商证券股份有限公司福州六一中路证券营业部,2,345.14,1,475.12,1,"宇信科技,吉比特"
申万宏源证券有限公司上海浦东新区关岳西路证券营业部,1,0.0,0,164.05,1,香飘飘
海通证券股份有限公司大庆经六街营业部,3,274.15,1,616.52,2,"金鸿顺,永泰能源"
光大证券股份有限公司顺德北滘碧桂园证券营业部,1,0.0,0,701.2,1,东方通信
国泰君安证券股份有限公司成都天府二街证券营业部,3,461.05,2,245.27,1,"西菱动力,万通智控,曙光股份"
国信证券股份有限公司重庆红锦大道证券营业部,1,0.0,0,444.2,1,吉比特
华西证券股份有限公司广州珠江东路证券营业部,1,0.0,0,183.6,1,永泰能源
长江证券股份有限公司荆州北京西路证券营业部,2,0.0,0,1283.89,2,"新疆交建,曙光股份"
世纪证券有限责任公司新余仙来中大道证券营业部,1,209.83,1,0.0,0,京城股份
华宝证券有限责任公司上海西藏中路证券营业部,1,204.42,1,0.0,0,京城股份
国泰君安证券股份有限公司顺德东乐路证券营业部,6,8428.14,3,12446.82,3,朗迪集团
海通证券股份有限公司宁波解放北路证券营业部,2,102.52,1,76.62,1,京城股份
金元证券股份有限公司长沙韶山中路证券营业部,4,2041.0,2,1981.44,2,"日播时尚,美芝股份"
安信证券股份有限公司北京复兴门外大街证券营业部,1,97.46,1,0.0,0,京城股份
华鑫证券有限责任公司深圳益田路证券营业部,8,2167.25,2,4514.18,6,"朗迪集团,特尔佳,森远股份,"
广州证券股份有限公司丽水中山街证券营业部,11,8010.67,5,7446.97,6,"美芝股份,日播时尚,实丰文化,"
西藏东方财富证券股份有限公司拉萨团结路第一证券营业部,10,2274.27,5,1754.47,5,"新疆交建,贝通信,新农股份,"
光大证券股份有限公司海口国贸大道证券营业部,1,84.64,1,0.0,0,京城股份
海通证券股份有限公司武汉十升路证券营业部,3,1467.22,1,3074.04,2,朗迪集团
长江证券股份有限公司台州市府大道证券营业部,2,1860.81,2,0.0,0,"日播时尚,铭普光磁"
国泰君安证券股份有限公司深圳深南大道京基一百证券营业部,8,2426.5,2,4406.05,6,"新疆交建,贝通信,万通智控,"
招商证券股份有限公司北京颐和园路证券营业部,2,0.0,0,87.25,2,"隆利科技,京城股份"
西南证券股份有限公司台州市府大道证券营业部,2,1180.79,1,1160.15,1,朗迪集团
长江证券股份有限公司浙江分公司,3,2269.03,2,457.55,1,"日播时尚,星帅尔,科力尔"
平安证券股份有限公司浙江分公司,3,396.51,1,874.35,2,"贝通信,浔兴股份"
中信建投证券股份有限公司昆山前进中路证券营业部,1,0.0,0,4963.27,1,朗迪集团
东海证券股份有限公司福建厦门分公司,1,962.2,1,0.0,0,日播时尚
华泰证券股份有限公司扬州文昌中路证券营业部,3,385.43,1,957.56,2,"贝通信,南京聚隆"
华林证券股份有限公司长沙星沙大道证券营业部,1,0.0,0,2194.58,1,朗迪集团
华鑫证券有限责任公司天津大港油田幸福路证券营业部,2,595.13,1,75.71,1,"雪莱特,京城股份"
方正证券股份有限公司绍兴胜利东路证券营业部,5,1182.14,2,2648.51,3,"美芝股份,日播时尚"
银泰证券有限责任公司温州蝉街证券营业部,1,0.0,0,1762.56,1,朗迪集团
国盛证券有限责任公司温州百里东路证券营业部,2,757.49,1,791.82,1,"金龙羽,日播时尚"
广发证券股份有限公司汕头海滨路证券营业部,3,812.88,1,1299.39,2,"新疆交建,贝通信"
恒泰证券股份有限公司瑞安拱瑞山路证券营业部,1,0.0,0,1501.99,1,朗迪集团
九州证券股份有限公司浙江分公司,4,929.35,2,1193.73,2,"美芝股份,星帅尔,日播时尚"
华安证券股份有限公司温州汤家桥路证券营业部,2,0.0,0,1494.75,2,"新大洲A,朗迪集团"
华泰证券股份有限公司常州东横街证券营业部,1,0.0,0,421.46,1,贝通信
广发证券股份有限公司温州瓯江路证券营业部,2,418.69,1,567.94,1,"美芝股份,日播时尚"
中信证券股份有限公司绍兴兴越路证券营业部,1,0.0,0,319.35,1,贝通信
华创证券有限责任公司厦门湖滨南路证券营业部,6,3039.61,3,2915.52,3,"美芝股份,星帅尔,日播时尚"
西藏东方财富证券股份有限公司山南香曲东路证券营业部,7,936.79,3,1778.6,4,"贝通信,海容冷链,宇晶股份,"
华泰证券股份有限公司广州天河东路证券营业部,2,4381.35,2,0.0,0,"大连电瓷,中国天楹"
国泰君安证券股份有限公司顺德大良证券营业部,7,7700.85,4,2375.82,3,"江特电机,ST新光,泰山石油,"
华泰证券股份有限公司成都蜀金路证券营业部,6,2474.12,4,976.44,2,"海马汽车,万通智控,奥联电子,"
东莞证券股份有限公司东莞横沥中山路证券营业部,6,7571.29,4,2665.32,2,"乐视网,东信和平,中国天楹"
宏信证券有限责任公司南充涪江路证券营业部,5,1822.49,3,1355.43,2,"汉嘉设计,泰山石油,德创环保"
长城证券股份有限公司杭州文一西路证券营业部,2,1797.79,2,0.0,0,"浔兴股份,海马汽车"
光大证券股份有限公司苏州大道东证券营业部,1,824.55,1,0.0,0,中国天楹
中信建投证券股份有限公司深圳福中路证券营业部,1,457.2,1,0.0,0,海马汽车
中国中投证券有限责任公司无锡清扬路证券营业部,21,10317.53,15,4207.66,6,"星帅尔,维科技术,融钰集团,"
华鑫证券有限责任公司北京菜市口大街证券营业部,3,2096.92,3,0.0,0,"南京熊猫,新疆交建,泰山石油"
中泰证券股份有限公司深圳分公司,4,1196.1,4,0.0,0,"海马汽车,新开源,富瑞特装,"
深股通专用,22,43386.47,12,43459.03,10,"华东医药,华兰生物,乐普医疗,"
财通证券股份有限公司杭州体育馆证券营业部,13,5506.47,8,2614.54,5,"深纺织A,雅运股份,亚士创能,"
国泰君安证券股份有限公司赣州章江南大道证券营业部,1,299.92,1,0.0,0,海马汽车
长城证券股份有限公司南京童卫路证券营业部,1,0.0,0,525.16,1,中国天楹
中泰证券股份有限公司青岛江西路证券营业部,1,0.0,0,566.39,1,泰山石油
方正证券股份有限公司长沙宁乡花明北路证券营业部,1,0.0,0,370.44,1,海马汽车
海通证券股份有限公司绍兴劳动路证券营业部,1,0.0,0,399.3,1,中国天楹
国盛证券有限责任公司南昌洪都大道证券营业部,1,0.0,0,497.51,1,泰山石油
长江证券股份有限公司成都麓山大道证券营业部,1,0.0,0,320.0,1,中国天楹
中国银河证券股份有限公司福州白马路证券营业部,1,0.0,0,434.61,1,泰山石油
安信证券股份有限公司南昌红谷中大道证券营业部,1,0.0,0,246.58,1,海马汽车
东海证券股份有限公司苏州吴江中山南路证券营业部,1,0.0,0,309.0,1,中国天楹
长江证券股份有限公司上海张杨路证券营业部,1,0.0,0,238.98,1,泰山石油
东吴证券股份有限公司苏州石路证券营业部,5,349.01,2,670.94,3,"金力永磁,绿茵生态,海马汽车,"
华泰证券股份有限公司南通姚港路证券营业部,1,0.0,0,277.13,1,中国天楹
国联证券股份有限公司江阴大桥北路路证券营业部,1,0.0,0,226.4,1,泰山石油
华福证券有限责任公司泉州丰泽街证券营业部,6,1457.78,3,1389.15,3,"*ST凯迪,冀凯股份,中弘退"
万联证券股份有限公司广州珠江新城证券营业部,5,1236.55,3,704.79,2,"八菱科技,铭普光磁,*ST凯迪"
华泰证券股份有限公司深圳红荔路证券营业部,1,92.46,1,0.0,0,天夏智慧
平安证券股份有限公司深圳深南大道证券营业部,1,85.24,1,0.0,0,天夏智慧
长城证券股份有限公司仙桃钱沟路证券营业部,10,6218.87,6,4297.06,4,"乐视网,天龙集团,浔兴股份,"
中泰证券股份有限公司青岛香港中路证券营业部,1,73.68,1,0.0,0,天夏智慧
华鑫证券有限责任公司马鞍山分公司,3,1056.0,3,0.0,0,"华伍股份,皖通科技,*ST凯迪"
华安证券股份有限公司福州五四路证券营业部,1,0.0,0,288.22,1,天夏智慧
光大证券股份有限公司惠州平山证券营业部,2,0.0,0,317.93,2,"德创环保,天夏智慧"
湘财证券股份有限公司合肥长江中路证券营业部,1,0.0,0,871.75,1,*ST凯迪
光大证券股份有限公司重庆民权路证券营业部,1,0.0,0,137.49,1,天夏智慧
西藏东方财富证券股份有限公司拉萨东环路第二证券营业部,10,2693.66,8,562.85,2,"宇晶股份,新疆交建,新大洲A,"
华鑫证券有限责任公司西安解放路证券营业部,1,0.0,0,530.64,1,*ST凯迪
宏信证券有限责任公司重庆金融街证券营业部,1,0.0,0,106.43,1,天夏智慧
国泰君安证券股份有限公司长沙五一东路证券营业部,1,446.0,1,0.0,0,中弘退
光大证券股份有限公司奉化南山路证券营业部,5,1319.41,3,1265.08,2,"朗源股份,大庆华科,华谊嘉信,"
中国国际金融股份有限公司上海黄浦区湖滨路证券营业部,5,5200.8,3,531.53,2,"华东医药,东方环宇,新日恒力,"
华泰证券股份有限公司杭州求是路证券营业部,6,1251.71,5,108.02,1,中弘退
国融证券股份有限公司青岛秦岭路证券营业部,3,751.3,2,564.38,1,"英飞特,大庆华科,高斯贝尔"
兴业证券股份有限公司上海民生路第二证券营业部,1,3699.59,1,0.0,0,华东医药
国信证券股份有限公司广州东风中路证券营业部,2,220.8,1,188.36,1,中弘退
长江证券股份有限公司新乡金穗大道证券营业部,2,532.18,2,0.0,0,"西菱动力,大庆华科"
北京高华证券有限责任公司北京金融大街证券营业部,1,3398.98,1,0.0,0,华东医药
广发证券股份有限公司潮州潮枫路证券营业部,8,891.78,4,942.49,4,中弘退
华泰证券股份有限公司淮安分公司,4,993.0,4,0.0,0,"雅运股份,和顺电气,英飞特,"
国信证券股份有限公司北京朝阳北路证券营业部,1,0.0,0,270.0,1,中弘退
中国中投证券有限责任公司宁波江东北路证券营业部,5,130.86,2,352.98,3,中弘退
长江证券股份有限公司天津宏达街证券营业部部,1,0.0,0,213.05,1,大庆华科
浙商证券股份有限公司江苏分公司,3,751.91,1,573.6,2,"*ST德奥,中弘退"
中信证券股份有限公司北京东三环中路证券营业部,2,0.0,0,730.41,2,"大庆华科,华仪电气"
中国国际金融股份有限公司北京建国门外大街证券营业部,1,0.0,0,7007.48,1,华东医药
华泰证券股份有限公司泰州分公司,3,248.58,2,145.99,1,中弘退
中银国际证券股份有限公司杭州庆春路证券营业部,2,0.0,0,1480.58,2,"贝通信,大庆华科"
广发证券股份有限公司长沙五一路证券营业部,1,0.0,0,137.91,1,中弘退
海通证券股份有限公司杭州文化路证券营业部,6,1836.93,4,771.59,2,"东方通信,高斯贝尔,传化智联,"
西南证券股份有限公司龙岩西陂路证券营业部,1,354.18,1,0.0,0,传化智联
光大证券股份有限公司南通工农路证券营业部,2,465.77,1,488.78,1,东信和平
国信证券股份有限公司杭州市心中路证券营业部,3,346.98,1,596.01,2,"传化智联,雪莱特,ST慧球"
国泰君安证券股份有限公司上海虹口区大连路证券营业部,2,968.91,2,0.0,0,"广电网络,东信和平"
中信证券股份有限公司上海红宝石路证券营业部,6,2346.74,4,826.94,2,"天龙集团,鼎汉技术,传化智联"
申万宏源证券有限公司上海普陀区兰溪路证券营业部,1,195.75,1,0.0,0,东信和平
海通证券股份有限公司许昌建设路证券营业部,1,141.49,1,0.0,0,传化智联
国信证券股份有限公司成都二环路证券营业部,3,578.6,2,425.8,1,"宇信科技,东信和平"
华西证券股份有限公司上海镇宁路证券营业部,1,0.0,0,1476.96,1,传化智联
平安证券股份有限公司深圳深南东路罗湖商务中心证券营业部,29,4755.58,14,7266.62,15,"宇信科技,雪莱特,新疆交建,"
东莞证券股份有限公司东莞厚街分公司,3,0.0,0,1031.43,3,东信和平
浙商证券股份有限公司杭州萧山恒隆广场证券营业部,1,0.0,0,200.14,1,传化智联
联讯证券股份有限公司南通工农路证券营业部,1,1171.81,1,0.0,0,新海宜
广发证券股份有限公司泉州涂门街证券营业部,7,2351.86,2,3656.51,5,"浔兴股份,贝通信,华谊嘉信"
中国银河证券股份有限公司阳泉保晋路证券营业部,1,638.46,1,0.0,0,新海宜
中泰证券股份有限公司上海赤峰路证券营业部,1,601.35,1,0.0,0,新海宜
华泰证券股份有限公司厦门厦禾路证券营业部,8,5176.97,6,1511.76,2,"华谊嘉信,浔兴股份,天翔环境,"
西藏东方财富证券股份有限公司昌都聚盛路证券营业部,4,1088.87,2,529.23,2,"贝通信,新海宜,锋龙股份,"
财富证券有限责任公司杭州庆春路证券营业部,22,4678.97,15,2771.73,7,"浔兴股份,朗迪集团,兆新股份,"
东海证券股份有限公司洛阳周山路证券营业部,3,0.0,0,3115.07,3,"浔兴股份,新疆交建"
东兴证券股份有限公司厦门鹭江道证券营业部,1,0.0,0,1268.68,1,新海宜
东海证券股份有限公司苏州分公司,1,0.0,0,850.93,1,新海宜
招商证券股份有限公司深圳后海证券营业部,7,349.79,1,3035.81,6,"麦趣尔,浔兴股份,全新好,"
安信证券股份有限公司上海虹桥路证券营业部,1,0.0,0,818.26,1,新海宜
中信证券股份有限公司杭州市心南路证券营业部,4,1602.84,3,613.67,1,"天龙集团,兆新股份"
平安证券股份有限公司深圳商报路天健创业大厦证券营业部,3,25.14,1,17484.35,2,"上海莱士,多喜爱,西菱动力"
光大证券股份有限公司南京中山东路证券营业部,2,30.04,2,0.0,0,上海莱士
兴业证券股份有限公司陕西分公司,3,1542.78,3,0.0,0,"浔兴股份,成都路桥,兆新股份"
海通证券股份有限公司广州珠江西路证券营业部,1,15.81,1,0.0,0,上海莱士
中信证券股份有限公司浙江分公司,3,0.0,0,306.77,3,"英飞特,兆新股份,晶瑞股份"
方正证券股份有限公司苍南龙港大道证券营业部,3,266.54,1,434.06,2,"隆利科技,新农股份,兆新股份"
长江证券股份有限公司武汉武珞路证券营业部,3,0.0,0,4315.0,3,上海莱士
华泰证券股份有限公司马鞍山华飞路证券营业部,1,0.0,0,129.2,1,兆新股份
财富证券有限责任公司哈尔滨爱建路证券营业部,3,0.0,0,1114.96,3,上海莱士
中国国际金融股份有限公司上海分公司,1,0.0,0,118.88,1,兆新股份
海通证券股份有限公司佛山顺德新宁路证券营业部,1,0.0,0,96.9,1,兆新股份
方正证券股份有限公司上海杨高南路证券营业部,16,6999.2,9,6382.55,7,"高斯贝尔,山东路桥,剑桥科技,"
广发证券股份有限公司深圳天安创新科技广场证券营业部,2,1171.78,2,0.0,0,八菱科技
华泰证券股份有限公司无锡金融一街证券营业部,6,3163.12,5,905.72,1,"浔兴股份,雪莱特,华铁股份,"
浙商证券股份有限公司宁波四明中路证券营业部,1,424.54,1,0.0,0,八菱科技
华安证券股份有限公司绍兴解放大道证券营业部,3,819.1,1,2059.44,2,八菱科技
东海证券股份有限公司深圳深南大道证券营业部,1,182.66,1,0.0,0,光启技术
中泰证券股份有限公司德州三八中路证券营业部,3,409.69,1,1793.89,2,"八菱科技,汉嘉设计"
西南证券股份有限公司重庆惠工路证券营业部,1,748.35,1,0.0,0,八菱科技
西南证券股份有限公司重庆渝碚路证券营业部,1,171.04,1,0.0,0,光启技术
九州证券股份有限公司广西分公司,1,167.77,1,0.0,0,光启技术
长江证券股份有限公司慈溪新城大道证券营业部,2,0.0,0,3567.18,2,八菱科技
国盛证券有限责任公司合肥翠微路证券营业部,3,2607.26,2,995.39,1,"全新好,长城动漫,光启技术"
国海证券股份有限公司梧州大学路证券营业部,2,0.0,0,1217.96,2,八菱科技
中国银河证券股份有限公司台州引泉路证券营业部,1,0.0,0,185.1,1,八菱科技
国盛证券有限责任公司黄山洽阳路证券营业部,3,1838.77,2,533.4,1,"全新好,长城动漫,光启技术"
华泰证券股份有限公司梧州西堤三路证券营业部,1,0.0,0,157.86,1,八菱科技
长江证券股份有限公司泰州迎春东路证券营业部,1,0.0,0,557.76,1,八菱科技
西藏东方财富证券股份有限公司上海徐汇宛平南路证券营业部,1,1056.15,1,0.0,0,八菱科技
申万宏源证券有限公司上海黄浦区雁荡路证券营业部,2,192.81,1,657.77,1,"光启技术,正川股份"
中银国际证券股份有限公司武汉黄孝河路证券营业部,1,303.35,1,0.0,0,麦趣尔
中泰证券股份有限公司慈溪天九街证券营业部,3,3926.26,2,310.75,1,"国恩股份,全新好"
中国银河证券股份有限公司大连人民路证券营业部,2,482.64,2,0.0,0,"铭普光磁,麦趣尔"
恒泰证券股份有限公司杭州婺江路证券营业部,1,1203.09,1,0.0,0,国恩股份
国金证券股份有限公司上海互联网证券分公司,14,3051.94,8,2194.73,6,"朗迪集团,特尔佳,*ST德奥,"
光大证券股份有限公司江阴暨阳路证券营业部,1,1160.8,1,0.0,0,国恩股份
中国银河证券股份有限公司淮安洪泽东十道证券营业部,1,0.0,0,1581.04,1,麦趣尔
中信证券（山东）有限责任公司青岛分公司,1,0.0,0,4276.24,1,国恩股份
中信证券（山东）有限责任公司青岛香港中路证券营业部,1,0.0,0,599.14,1,麦趣尔
国元证券股份有限公司金华人民西路证券营业部,1,0.0,0,451.64,1,麦趣尔
中信建投证券股份有限公司青岛南京路证券营业部,1,0.0,0,326.54,1,麦趣尔
中航证券有限公司广州天河北路证券营业部,11,2282.89,5,1899.71,6,"新天科技,天龙集团,华星创业,"
光大证券股份有限公司余姚南雷南路证券营业部,2,4018.39,2,0.0,0,国恩股份
长城国瑞证券有限公司北京月坛北街证券营业部,1,175.5,1,0.0,0,吉宏股份
广发证券股份有限公司台州白云山西路证券营业部,2,3277.2,2,0.0,0,国恩股份
广发证券股份有限公司深圳深南东路证券营业部,1,155.21,1,0.0,0,吉宏股份
新时代证券股份有限公司北京羊坊店路证券营业部,1,132.81,1,0.0,0,吉宏股份
招商证券股份有限公司上海樱花路证券营业部,1,103.19,1,0.0,0,吉宏股份
广发证券股份有限公司上海万安街证券营业部,3,460.58,2,690.65,1,高斯贝尔
国海证券股份有限公司南宁燕敦路证券营业部,1,79.78,1,0.0,0,吉宏股份
海通证券股份有限公司滁州天长东路证券营业部,8,3212.56,5,1912.04,3,"汉嘉设计,山东路桥,贝通信,"
方正证券股份有限公司温岭万昌中路证券营业部,3,984.58,2,485.4,1,美芝股份
华鑫证券有限责任公司宁波沧海路证券营业部,3,588.98,2,533.75,1,"新大洲A,西菱动力,吉宏股份"
华泰证券股份有限公司深圳前海证券营业部,2,458.0,1,518.73,1,"森远股份,吉宏股份"
中山证券有限责任公司厦门湖滨南路证券营业部,4,1752.98,2,1486.82,2,"睿能科技,美芝股份"
国联证券股份有限公司无锡梁溪路证券营业部,1,0.0,0,261.85,1,吉宏股份
国泰君安证券股份有限公司上海福山路证券营业部,6,3683.74,4,2250.44,2,"高斯贝尔,全新好,富瑞特装,"
兴业证券股份有限公司成都航空路证券营业部,2,506.2,1,185.95,1,"华控赛格,吉宏股份"
东莞证券股份有限公司四川分公司,17,3018.67,9,3628.92,8,"全新好,汉嘉设计,新天科技,"
西藏东方财富证券股份有限公司杭州和汇路证券营业部,8,3465.22,4,3488.7,4,美芝股份
中信证券股份有限公司海宁海昌南路证券营业部,2,0.0,0,949.88,2,"吉宏股份,新大洲A"
平安证券股份有限公司北京东花市证券营业部,6,1994.71,2,1500.04,4,"新农股份,意华股份,美芝股份,"
中信证券股份有限公司苏州苏雅路证券营业部,1,302.17,1,0.0,0,意华股份
申万宏源西部证券有限公司深圳彩田路证券营业部,2,298.98,1,129.68,1,"意华股份,万马科技"
华泰证券股份有限公司湖南分公司,13,5892.68,7,5575.18,6,"新农股份,新疆交建,山东路桥,"
浙商证券股份有限公司浦江和平南路证券营业部,1,261.22,1,0.0,0,意华股份
国泰君安证券股份有限公司成都北一环路证券营业部,4,1042.08,2,2389.28,2,"新天科技,锋龙股份,意华股份,"
华泰证券股份有限公司上海武定路证券营业部,3,0.0,0,2953.15,3,"新疆交建,雪莱特,隆利科技"
国金证券股份有限公司上海奉贤区金碧路证券营业部,18,3594.21,9,3117.96,9,"宇晶股份,贝通信,东方环宇,"
华泰证券股份有限公司南京中华路证券营业部,3,482.81,1,1587.8,2,"东信和平,新疆交建,朗源股份"
方正证券股份有限公司长沙建湘路证券营业部,3,261.42,1,606.25,2,"金力永磁,意华股份"
兴业证券股份有限公司泉州分公司,5,2981.24,2,3120.03,3,新疆交建
民生证券股份有限公司驻马店交通路证券营业部,3,1383.46,2,574.31,1,"新疆交建,宇晶股份"
光大证券股份有限公司宁波悦盛路证券营业部,4,1096.06,2,1396.17,2,"隆利科技,宇晶股份,汉嘉设计"
财通证券股份有限公司丽水缙云黄龙路证券营业部,1,0.0,0,1996.44,1,宇晶股份
国泰君安证券股份有限公司长春人民大街证券营业部,2,12204.43,2,0.0,0,乐普医疗
光大证券股份有限公司宁波中山西路证券营业部,4,1515.27,3,1066.23,1,"隆利科技,宇晶股份,同有科技"
中信证券股份有限公司北京总部证券营业部,3,4493.34,1,8649.4,2,"乐普医疗,新莱应材"
西部证券股份有限公司上海第三分公司,1,4983.16,1,0.0,0,乐普医疗
国信证券股份有限公司长沙五一大道营业部,2,4978.01,2,0.0,0,"乐普医疗,上海莱士"
华泰证券股份有限公司天津东丽开发区二纬路证券营业部,5,2128.99,4,699.54,1,"华谊嘉信,麦捷科技,天龙集团,"
上海证券有限责任公司南京溧水致远路证券营业部,4,784.45,1,2269.82,3,"华谊嘉信,特尔佳"
华泰证券股份有限公司南通人民中路证券营业部,3,553.3,1,528.34,2,天龙集团
西藏东方财富证券股份有限公司昆明南屏街证券营业部,1,436.0,1,0.0,0,华谊嘉信
东兴证券股份有限公司上海肇嘉浜路证券营业部,6,1796.48,3,4209.23,3,"华谊嘉信,华伍股份,富瑞特装,"
银泰证券有限责任公司苏州华山路证券营业部,1,367.15,1,0.0,0,天龙集团
财通证券股份有限公司杭州解放东路证券营业部,3,1691.52,3,0.0,0,"冀凯股份,坤彩科技,华谊嘉信"
兴业证券股份有限公司济南泺源大街证券营业部,2,0.0,0,517.86,2,天龙集团
万联证券股份有限公司江门万达广场证券营业部,4,1162.27,2,1163.42,2,"华星创业,华谊嘉信,深纺织A"
中原证券股份有限公司郑州紫荆山路证券营业部,1,0.0,0,165.5,1,天龙集团
华泰证券股份有限公司武汉友谊大道证券营业部,5,2488.82,3,1033.24,2,"华谊嘉信,雪莱特"
广发证券股份有限公司肇庆星湖大道证券营业部,2,0.0,0,1156.12,2,"正川股份,天龙集团"
华泰证券股份有限公司广州环市东路证券营业部,2,0.0,0,1024.3,2,"同有科技,天龙集团"
中信建投证券股份有限公司北京东直门南大街证券营业部,2,0.0,0,729.61,2,华谊嘉信
华泰证券股份有限公司镇江句容华阳北路证券营业部,6,2298.02,4,1623.24,2,"华谊嘉信,奥瑞德,冀凯股份,"
浙商证券股份有限公司临安万马路证券营业部,4,1570.79,3,140.95,1,"和顺电气,大连电瓷,英飞特"
国泰君安证券股份有限公司宜昌珍珠路证券营业部,3,438.96,2,227.98,1,和顺电气
兴业证券股份有限公司北京建国门外大街证券营业部,1,999.77,1,0.0,0,宋城演艺
国泰君安证券股份有限公司荥阳国泰路证券营业部,1,183.63,1,0.0,0,和顺电气
中国中投证券有限责任公司北京宋庄路证券营业部,3,222.93,1,430.19,2,"南风股份,和顺电气"
中国中投证券有限责任公司深圳宝安兴华路证券营业部,1,0.0,0,166.76,1,和顺电气
中国中投证券有限责任公司北京万寿路证券营业部,3,0.0,0,655.76,3,"和顺电气,新日恒力"
中信建投证券股份有限公司北京燕山燕房路证券营业部,3,66.63,1,386.79,2,"和顺电气,山西路桥"
国金证券股份有限公司沈阳青年大街证券营业部,1,0.0,0,894.57,1,宋城演艺
华金证券股份有限公司长沙八一路证券营业部,1,0.0,0,115.54,1,和顺电气
华林证券股份有限公司厦门湖滨南路证券营业部,1,372.22,1,0.0,0,朗源股份
方正证券股份有限公司上海延安西路证券营业部,1,1411.84,1,0.0,0,宋城演艺
华宝证券有限责任公司北京分公司,1,343.09,1,0.0,0,朗源股份
湘财证券股份有限公司上海张杨路证券营业部,1,286.8,1,0.0,0,同有科技
中国银河证券股份有限公司杭州天城东路证券营业部,1,328.15,1,0.0,0,朗源股份
东莞证券股份有限公司南京分公司,4,1340.38,4,0.0,0,"冀凯股份,晶瑞股份,德威新材,"
华鑫证券有限责任公司沈阳滂江街证券营业部,1,297.81,1,0.0,0,朗源股份
上海证券有限责任公司九江路证券营业部,1,312.92,1,0.0,0,德威新材
华鑫证券有限责任公司杭州飞云江路证券营业部,5,1757.77,2,1849.01,3,"汉嘉设计,雪莱特,华谊嘉信,"
光大证券股份有限公司太仓太平路证券营业部,2,0.0,0,2087.14,2,德威新材
中国中投证券有限责任公司广州珠江东路证券营业部,1,0.0,0,881.41,1,同有科技
中国银河证券股份有限公司绍兴证券营业部,7,3789.47,4,2038.92,3,"盛达矿业,新农股份,山东路桥,"
华泰证券股份有限公司南宁中泰路证券营业部,4,1967.83,3,605.86,1,"德威新材,贝通信,浔兴股份,"
长城证券股份有限公司北京西直门外大街证券营业部,2,0.0,0,1315.79,2,"朗源股份,剑桥科技"
中信证券股份有限公司北京远大路证券营业部,3,370.56,1,1293.16,2,"新大洲A,顶固集创,同有科技"
中国银河证券股份有限公司马鞍山湖东中路证券营业部,2,1073.91,1,532.23,1,"新疆交建,朗源股份"
天风证券股份有限公司江油李白大道证券营业部,1,0.0,0,446.8,1,同有科技
申万宏源西部证券有限公司宜兴人民中路证券营业部,2,0.0,0,682.61,2,"德威新材,富瑞特装"
中信证券股份有限公司深圳总部证券营业部,3,1344.0,1,1988.1,2,"德威新材,坤彩科技"
中国民族证券有限责任公司哈尔滨赣水路证券营业部,1,668.53,1,0.0,0,同有科技
方正证券股份有限公司慈溪人和路证券营业部,1,2474.13,1,0.0,0,天翔环境
申万宏源西部证券有限公司南宁英华路证券营业部,1,534.09,1,0.0,0,德威新材
安信证券股份有限公司无锡清扬路证券营业部,1,2391.01,1,0.0,0,天翔环境
九州证券股份有限公司北京分公司,1,2383.67,1,0.0,0,天翔环境
东莞证券股份有限公司苏州广济北路证券营业部,4,335.81,1,1387.73,3,"晶瑞股份,特尔佳,宇晶股份,"
方正证券股份有限公司瑞安罗阳大道证券营业部,1,1512.65,1,0.0,0,天翔环境
华鑫证券有限责任公司山东分公司,1,331.69,1,0.0,0,晶瑞股份
方正证券股份有限公司扬州新城河路证券营业部,1,1494.15,1,0.0,0,天翔环境
方正证券股份有限公司南京分公司,3,799.2,2,547.81,1,"新农股份,晶瑞股份"
财富证券有限责任公司重庆新溉大道证券营业部,1,0.0,0,5496.45,1,天翔环境
安信证券股份有限公司杭州富春路证券营业部,1,0.0,0,2551.2,1,天翔环境
首创证券有限责任公司上海斜土路证券营业部,1,0.0,0,110.88,1,晶瑞股份
国信证券股份有限公司义乌稠江街道总部经济园证券营业部,1,0.0,0,1284.21,1,天翔环境
招商证券股份有限公司苏州华池街证券营业部,1,0.0,0,95.83,1,晶瑞股份
申万宏源证券有限公司杭州密渡桥路证券营业部,3,493.88,1,1430.4,2,"浔兴股份,天翔环境"
广发证券股份有限公司上海玉兰路证券营业部,1,0.0,0,79.2,1,晶瑞股份
国泰君安证券股份有限公司南京中央路证券营业部,4,1255.02,3,357.89,1,"海达股份,晶瑞股份,宇晶股份,"
华福证券有限责任公司厦门湖滨南路证券营业部,3,2967.72,3,0.0,0,"隆利科技,新农股份,宇信科技"
第一创业证券股份有限公司上海国展路证券营业部,1,0.0,0,5.33,1,隆利科技
东海证券股份有限公司长沙岳麓大道证券营业部,4,1753.82,2,2018.91,2,"新农股份,宇信科技"
广发证券股份有限公司佛山汾江中路证券营业部,1,0.0,0,5.33,1,隆利科技
金元证券股份有限公司浙江分公司,3,256.08,1,957.7,2,宇信科技
广发证券股份有限公司广州黄埔大道证券营业部,1,0.0,0,5.33,1,隆利科技
中信建投证券股份有限公司上海五莲路证券营业部,1,0.0,0,342.31,1,宇信科技
中国民族证券有限责任公司北京望京证券营业部,1,0.0,0,5.33,1,隆利科技
国泰君安证券股份有限公司襄阳襄城西街证券营业部,3,521.85,1,829.87,2,"贝通信,宇信科技"
方正证券股份有限公司兰州金昌南路证券营业部,2,0.0,0,1137.48,2,宇信科技
信达证券股份有限公司葫芦岛龙湾大街证券营业部,3,928.59,2,621.35,1,隆利科技
长江证券股份有限公司海南分公司,4,1398.53,2,1473.1,2,"汉嘉设计,深纺织A"
国融证券股份有限公司呼和浩特如意西街证券营业部,1,370.0,1,0.0,0,新大洲A
中国中投证券有限责任公司杭州环球中心证券营业部,8,5140.45,6,2996.88,2,"新疆交建,奥瑞德,科融环境,"
西藏东方财富证券股份有限公司上海陆家嘴浦东南路证券营业部,1,355.02,1,0.0,0,深纺织A
东方证券股份有限公司上海浦东新区牡丹路证券营业部,1,0.0,0,141.76,1,新大洲A
中银国际证券股份有限公司成都人民中路证券营业部,1,0.0,0,337.59,1,全新好
招商证券股份有限公司武汉中北路证券营业部,4,261.61,1,570.99,3,"锋龙股份,深纺织A,ST慧球"
东方证券股份有限公司上海浦东新区南门大街证券营业部,2,0.0,0,104.86,2,"隆利科技,新大洲A"
安信证券股份有限公司肇庆信安五路证券营业部,2,0.0,0,310.37,2,"深纺织A,西菱动力"
上海证券有限责任公司温州月乐西街证券营业部,1,0.0,0,84.44,1,新大洲A
安信证券股份有限公司深圳宝安海秀路证券营业部,1,0.0,0,246.59,1,深纺织A
平安证券股份有限公司珠海园林路证券营业部,1,0.0,0,201.81,1,全新好
东方证券股份有限公司上海浦东新区源深路证券营业部,1,0.0,0,74.42,1,新大洲A
中国银河证券股份有限公司杭州庆春路证券营业部,2,1661.25,2,0.0,0,"盛达矿业,皖通科技"
新时代证券股份有限公司北京朝外大街证券营业部,1,705.65,1,0.0,0,欢瑞世纪
国泰君安证券股份有限公司广州黄埔大道证券营业部,1,789.1,1,0.0,0,盛达矿业
中国银河证券股份有限公司厦门嘉禾路证券营业部,3,680.05,3,0.0,0,"新莱应材,日出东方,欢瑞世纪"
招商证券股份有限公司深圳益田路免税商务大厦证券营业部,4,14.73,1,841.87,3,"华控赛格,上海莱士,欢瑞世纪,"
上海证券有限责任公司北京和平里北街证券营业部,1,0.0,0,403.21,1,盛达矿业
兴业证券股份有限公司长汀营背街证券营业部,1,0.0,0,533.41,1,欢瑞世纪
光大证券股份有限公司苏州苏惠路证券营业部,1,0.0,0,374.42,1,盛达矿业
中信建投证券股份有限公司株洲建设中路证券营业部,1,0.0,0,153.04,1,欢瑞世纪
安信证券股份有限公司阳江安宁路证券营业部,1,0.0,0,322.96,1,盛达矿业
华西证券股份有限公司重庆中山三路证券营业部,1,0.0,0,147.41,1,欢瑞世纪
中信证券股份有限公司天津分公司,2,0.0,0,856.48,2,"铭普光磁,盛达矿业"
中信证券股份有限公司浦江恒昌财富广场证券营业部,1,0.0,0,145.63,1,欢瑞世纪
国泰君安证券股份有限公司上海分公司,5,1929.55,3,1297.49,2,"山东路桥,摩恩电气,东信和平"
中国民族证券有限责任公司宁波中山西路证券营业部,3,228.84,2,248.56,1,"继峰股份,中弘退"
华泰证券股份有限公司上海静安区威海路证券营业部,3,1038.29,2,483.21,1,东信和平
中信建投证券股份有限公司北京北辰西路证券营业部,1,0.0,0,477.45,1,东信和平
中国银河证券股份有限公司青田涌金街证券营业部,2,0.0,0,201.57,2,中弘退
东莞证券股份有限公司东莞东坑证券营业部,1,0.0,0,286.76,1,东信和平
华泰证券股份有限公司上海徐汇区天钥桥路证券营业部,2,974.77,1,987.01,1,浔兴股份
国融证券股份有限公司珠海海滨南城路证券营业部,1,589.37,1,0.0,0,通产丽星
中泰证券股份有限公司上海新松江路证券营业部,1,300.37,1,0.0,0,通产丽星
西藏东方财富证券股份有限公司南京珠江路证券营业部,3,1146.86,2,657.49,1,"浔兴股份,特尔佳"
西藏东方财富证券股份有限公司浙江分公司,4,468.8,1,3725.81,3,"雪莱特,通产丽星"
国泰君安证券股份有限公司宁波彩虹北路证券营业部,1,15.23,1,0.0,0,上海莱士
国信证券股份有限公司上海北京东路证券营业部,2,14.23,1,11.66,1,"上海莱士,隆利科技"
海通证券股份有限公司东莞胜和路证券营业部,1,0.0,0,362.84,1,摩恩电气
财通证券股份有限公司临安西苑路证券营业部,4,2286.59,4,0.0,0,"奥瑞德,摩恩电气,新日恒力,"
西藏东方财富证券股份有限公司慈溪三北西大街证券营业部,1,685.71,1,0.0,0,摩恩电气
招商证券股份有限公司西安曲江新区证券营业部,2,1176.74,2,0.0,0,"摩恩电气,剑桥科技"
恒泰证券股份有限公司宁波甬江大道证券营业部,4,2021.93,3,552.35,1,"山东路桥,摩恩电气,森远股份,"
华鑫证券有限责任公司苏州总官堂路证券营业部,9,4407.52,6,2441.23,3,"华星创业,雪莱特,华铁股份,"
中信建投证券股份有限公司北京三里河路证券营业部,1,463.66,1,0.0,0,大连电瓷
平安证券股份有限公司安徽分公司,1,0.0,0,396.19,1,大连电瓷
长江证券股份有限公司惠州下埔路证券营业部,1,0.0,0,1546.34,1,上海莱士
万联证券股份有限公司广州石牌东路证券营业部,1,0.0,0,380.8,1,摩恩电气
华创证券有限责任公司上海肇嘉浜路证券营业部,1,0.0,0,371.06,1,大连电瓷
海通证券股份有限公司常熟海虞北路证券营业部,2,0.0,0,952.01,2,"海特高新,大连电瓷"
中泰证券股份有限公司常熟海虞南路证券营业部,1,0.0,0,310.81,1,大连电瓷
华安证券股份有限公司乌海狮城东街证券营业部,1,0.0,0,298.99,1,大连电瓷
海通证券股份有限公司上海普陀区宜川路证券营业部,1,0.0,0,251.03,1,高斯贝尔
平安证券股份有限公司福州长乐北路证券营业部,3,1329.1,2,464.8,1,高斯贝尔
光大证券股份有限公司广州中山二路证券营业部,1,0.0,0,502.62,1,铭普光磁
海通证券股份有限公司上海合肥路证券营业部,1,0.0,0,456.52,1,铭普光磁
财通证券股份有限公司厦门厦禾路证券营业部,2,936.15,1,929.45,1,美芝股份
中国银河证券股份有限公司北京建国路证券营业部,13,3771.19,8,1486.75,5,"铭普光磁,融钰集团,贝通信,"
中信证券股份有限公司上海溧阳路证券营业部,8,1443.81,3,2528.85,5,"汉嘉设计,铭普光磁,海容冷链,"
中信证券股份有限公司台州分公司,4,1117.86,2,2183.98,2,"铭普光磁,天翔环境"
中信建投证券股份有限公司深圳深南中路证券营业部,3,0.0,0,1367.29,3,"星帅尔,铭普光磁"
海通证券股份有限公司昆山同丰路证券营业部,1,0.0,0,592.3,1,铭普光磁
光大证券股份有限公司金华宾虹路证券营业部,2,1942.41,1,2026.1,1,铭普光磁
平安证券股份有限公司上海分公司,8,1941.65,5,1127.72,3,"新疆交建,宇晶股份,高斯贝尔,"
平安证券股份有限公司四川分公司,3,1158.81,2,648.04,1,"贝通信,新疆交建"
广发证券股份有限公司昆山前进东路证券营业部,2,124.3,1,824.31,1,"万马科技,新疆交建"
国信证券股份有限公司北京亚运村证券营业部,1,107.05,1,0.0,0,新农股份
安信证券股份有限公司武汉中北路证券营业部,4,716.86,2,729.85,2,宇晶股份
华泰证券股份有限公司无锡解放西路证券营业部,2,818.7,2,0.0,0,"华星创业,博天环境"
国信证券股份有限公司福州五一中路证券营业部,1,49.86,1,0.0,0,新农股份
国泰君安证券股份有限公司深圳滨海大道创投大厦证券营业部,2,561.46,2,0.0,0,"朗源股份,新农股份"
广发证券股份有限公司江门天长路证券营业部,1,0.0,0,4.4,1,新农股份
中泰证券股份有限公司珠海情侣中路证券营业部,1,0.0,0,369.57,1,华星创业
中信证券股份有限公司嘉兴分公司,1,0.0,0,4.26,1,新农股份
国元证券股份有限公司马鞍山雨山西路证券营业部,1,0.0,0,354.57,1,华星创业
长江证券股份有限公司上海徐汇区斜土路证券营业部,1,0.0,0,334.82,1,华星创业
国泰君安证券股份有限公司杭州庆春路证券营业部,2,95.04,1,305.4,1,"ST慧球,华星创业"
东莞证券股份有限公司东莞南城分公司,1,0.0,0,249.96,1,天龙集团
招商证券股份有限公司北京知春东里证券营业部,1,0.0,0,189.6,1,华星创业
广州证券股份有限公司武汉中南路证券营业部,1,0.0,0,234.48,1,天龙集团
东吴证券股份有限公司张家港杨舍证券营业部,1,391.5,1,0.0,0,天龙集团
浙商证券股份有限公司北京朝阳门北大街证券营业部,2,0.0,0,865.17,2,天龙集团
国信证券股份有限公司南京洪武路证券营业部,1,0.0,0,495.84,1,乐视网
财达证券股份有限公司承德都统府大街营业部,1,0.0,0,371.23,1,乐视网
国金证券股份有限公司成都蒲江县桫椤路证券营业部,1,548.62,1,0.0,0,森远股份
中国银河证券股份有限公司厦门美湖路证券营业部,1,1297.91,1,0.0,0,乐视网
国泰君安证券股份有限公司郑州黄河路证券营业部,1,485.54,1,0.0,0,森远股份
中泰证券股份有限公司上海建国中路证券营业部,6,2519.78,5,3153.71,1,"睿能科技,乐视网,通产丽星,"
华泰证券股份有限公司宁波柳汀街证券营业部,2,510.48,2,0.0,0,"英飞特,和顺电气"
华鑫证券有限责任公司上海自贸试验区分公司,1,864.58,1,0.0,0,乐视网
广发证券股份有限公司沈阳小西路证券营业部,1,449.52,1,0.0,0,森远股份
中国民族证券有限责任公司鞍山湖南街证券营业部,1,0.0,0,942.76,1,森远股份
广发证券股份有限公司深圳后海证券营业部,1,0.0,0,580.68,1,森远股份
中国中投证券有限责任公司汉中滨江路证券营业部,1,0.0,0,565.43,1,森远股份
中泰证券股份有限公司上海东方路证券营业部,2,0.0,0,1660.29,2,"麦捷科技,新日恒力"
西藏东方财富证券股份有限公司拉萨东环路第一证券营业部,3,284.93,1,1048.19,2,"多喜爱,顶固集创,麦捷科技"
财通证券股份有限公司绍兴解放大道证券营业部,1,0.0,0,381.99,1,森远股份
兴业证券股份有限公司上海天钥桥路证券营业部,2,652.78,1,883.23,1,"麦捷科技,海特高新"
华泰证券股份有限公司海门长江路证券营业部,1,742.0,1,0.0,0,德威新材
方正证券股份有限公司长沙黄兴中路证券营业部,2,1341.84,2,0.0,0,"科力尔,德威新材"
湘财证券股份有限公司长沙韶山路证券营业部,1,596.26,1,0.0,0,麦捷科技
华泰证券股份有限公司上海普陀区江宁路证券营业部,3,3460.22,3,0.0,0,"老板电器,德威新材,万马科技"
天风证券股份有限公司杭州教工路证券营业部,5,578.27,1,930.0,4,"麦捷科技,雪莱特,万通智控,"
华泰证券股份有限公司佛山灯湖东路证券营业部,1,385.43,1,0.0,0,德威新材
中信建投证券股份有限公司杭州萧山市心中路证券营业部,1,0.0,0,1639.83,1,麦捷科技
中信建投证券股份有限公司北京朝阳公园南路证券营业部,1,0.0,0,524.5,1,德威新材
东方证券股份有限公司深圳金田路证券营业部,1,0.0,0,438.26,1,德威新材
华泰证券股份有限公司苏州人民路证券营业部,1,172.49,1,0.0,0,南京聚隆
中信证券股份有限公司北京中关村大街证券营业部,2,771.93,2,0.0,0,"成都路桥,宇信科技"
方正证券股份有限公司温州小南路证券营业部,3,1684.38,2,1250.65,1,"睿能科技,神州数码,南京聚隆"
湘财证券股份有限公司邵阳建设南路证券营业部,1,4.69,1,0.0,0,天翔环境
中国银河证券股份有限公司南京创智路证券营业部,1,169.09,1,0.0,0,南京聚隆
东吴证券股份有限公司上海西藏南路证券营业部,5,671.82,3,466.5,2,"宇晶股份,宇信科技,金鸿顺,"
东兴证券股份有限公司南平滨江中路证券营业部,1,0.0,0,227.59,1,南京聚隆
中国银河证券股份有限公司长沙解放中路证券营业部,2,0.0,0,1415.11,2,"宇信科技,新农股份"
招商证券股份有限公司深圳建安路证券营业部,1,4.22,1,0.0,0,天翔环境
中信建投证券股份有限公司重庆南坪西路证券营业部,1,0.0,0,208.6,1,南京聚隆
中信证券股份有限公司绍兴分公司,1,3.91,1,0.0,0,天翔环境
恒泰证券股份有限公司上海河南南路证券营业部,2,14.01,2,0.0,0,"ST慧球,天翔环境"
长城证券股份有限公司厦门湖滨南路证券营业部,1,0.0,0,283.34,1,宇信科技
中信证券（山东）有限责任公司郑州经三路证券营业部,1,2.58,1,0.0,0,天翔环境
国信证券股份有限公司北京三里河证券营业部,1,0.0,0,158.81,1,南京聚隆
方正证券股份有限公司杭州庆春东路证券营业部,1,0.0,0,146.41,1,南京聚隆
上海证券有限责任公司嘉兴中山西路证券营业部,1,272.18,1,0.0,0,宇信科技
光大证券股份有限公司广州珠江新城证券营业部,1,139.42,1,0.0,0,隆利科技
安信证券股份有限公司淄博华光路证券营业部,1,123.01,1,0.0,0,万马科技
安信证券股份有限公司广州猎德大道证券营业部,2,82.01,1,353.54,1,"隆利科技,科融环境"
广发证券股份有限公司重庆江北嘴证券营业部,1,0.0,0,236.34,1,万马科技
华福证券有限责任公司福州杨桥路证券营业部,1,0.0,0,125.98,1,万马科技
东兴证券股份有限公司泉州田安路证券营业部,1,0.0,0,9.96,1,隆利科技
财通证券股份有限公司永康九铃东路证券营业部,1,0.0,0,122.84,1,万马科技
湘财证券股份有限公司沈阳绥化西街证券营业部,2,722.88,1,889.89,1,隆利科技
长江证券股份有限公司佛山普澜二路证券营业部,1,5011.03,1,0.0,0,新日恒力
广发证券股份有限公司上海天山路证券营业部,3,1638.93,2,241.9,1,"广电网络,南京熊猫,雅运股份"
申万宏源证券有限公司扬州扬子江中路证券营业部,1,664.29,1,0.0,0,维科技术
华泰证券股份有限公司无锡梁清路证券营业部,2,1404.09,2,0.0,0,"广电网络,南京熊猫"
中信证券股份有限公司金华分公司,1,405.9,1,0.0,0,新日恒力
中信证券股份有限公司上海沪闵路证券营业部,3,2726.84,3,0.0,0,"江特电机,广电网络,鼎汉技术"
中国银河证券股份有限公司南京洪武路证券营业部,1,345.14,1,0.0,0,维科技术
财富证券有限责任公司深圳宝安南路证券营业部,1,0.0,0,1081.42,1,维科技术
光大证券股份有限公司杭州飞云江路证券营业部,1,0.0,0,1001.73,1,新日恒力
广发证券股份有限公司杭州天目山路证券营业部,1,0.0,0,829.37,1,广电网络
上海华信证券有限责任公司南京西路证券营业部,1,0.0,0,726.59,1,维科技术
长江证券股份有限公司上海锦绣路证券营业部,1,0.0,0,625.45,1,广电网络
中国银河证券股份有限公司上海杨浦区靖宇东路证券营业部,1,0.0,0,498.14,1,维科技术
东北证券股份有限公司上海普陀区武宁路证券营业部,1,0.0,0,502.22,1,新日恒力
海通证券股份有限公司淄博石化证券营业部,2,234.98,1,263.92,1,"朗源股份,维科技术"
中泰证券股份有限公司苏州干将西路证券营业部,1,0.0,0,384.65,1,新日恒力
中信建投证券股份有限公司杭州庆春路证券营业部,1,0.0,0,367.85,1,广电网络
申万宏源证券有限公司上海黄浦区陆家浜路证券营业部,1,0.0,0,200.76,1,维科技术
华泰证券股份有限公司张家港杨舍东街证券营业部,2,185.44,1,351.13,1,"东信和平,广电网络"
华泰证券股份有限公司常州和平北路证券营业部,2,481.43,1,408.81,1,海容冷链
上海证券有限责任公司苏州吴江流虹路证券营业部,2,379.44,1,81.56,1,"朗迪集团,英飞特"
中信建投证券股份有限公司台州市府大道证券营业部,1,272.16,1,0.0,0,朗迪集团
方正证券股份有限公司衡阳船山大道证券营业部,2,367.48,1,1.14,1,"海容冷链,爱朋医疗"
招商证券股份有限公司北京朝外大街证券营业部,1,211.38,1,0.0,0,朗迪集团
中信建投证券股份有限公司株州建设中路证券营业部,1,102.74,1,0.0,0,朗迪集团
华林证券股份有限公司深圳海秀路证券营业部,1,2196.02,1,0.0,0,正川股份
中国银河证券股份有限公司上海东宝兴路证券营业部,1,1654.85,1,0.0,0,正川股份
申万宏源西部证券有限公司天津华天道证券营业部,2,816.65,1,821.56,1,南京熊猫
光大证券股份有限公司丹阳中新路证券营业部,2,676.92,1,897.49,1,贝通信
华福证券有限责任公司上海东方路证券营业部,1,1563.41,1,0.0,0,正川股份
国泰君安证券股份有限公司上海江苏路证券营业部,2,861.81,1,5793.33,1,"正川股份,神州数码"
华福证券有限责任公司上海遵义路证券营业部,1,856.59,1,0.0,0,正川股份
华宝证券有限责任公司舟山解放西路证券营业部,2,1326.73,2,0.0,0,"融钰集团,南京熊猫"
平安证券股份有限公司银川凤凰北街证券营业部,7,1637.31,3,1943.61,4,"贝通信,朗迪集团,成都路桥,"
华泰证券股份有限公司盐城大丰人民南路证券营业部,1,0.0,0,884.76,1,正川股份
安信证券股份有限公司南京珠江路证券营业部,2,0.0,0,864.86,2,"星帅尔,南京熊猫"
安信证券股份有限公司上海杨高南路证券营业部,1,0.0,0,516.77,1,南京熊猫
国泰君安证券股份有限公司上海静安区南京西路证券营业部,1,0.0,0,625.29,1,正川股份
招商证券股份有限公司哈尔滨长江路证券营业部,1,0.0,0,511.46,1,南京熊猫
湘财证券股份有限公司娄底乐坪大道证券营业部,1,34.51,1,0.0,0,ST慧球
华融证券股份有限公司娄底吉星路证券营业部,1,22.79,1,0.0,0,ST慧球
招商证券股份有限公司深圳深南中路证券营业部,1,0.0,0,12.17,1,ST慧球
方正证券股份有限公司广州兴盛路证券营业部,1,0.0,0,11.3,1,ST慧球
新时代证券股份有限公司青岛福州南路证券营业部,1,0.0,0,9.32,1,ST慧球
中国银河证券股份有限公司成都建设路证券营业部,1,648.58,1,0.0,0,继峰股份
中国银河证券股份有限公司广州滨江东路证券营业部,2,681.09,2,0.0,0,"日出东方,锋龙股份"
海通证券股份有限公司蚌埠中荣街证券营业部,5,7010.92,4,201.97,1,"汉嘉设计,东方通信,海特高新,"
中信建投证券股份有限公司成都市南一环路证券营业部,1,218.95,1,0.0,0,继峰股份
华泰证券股份有限公司青岛宁夏路证券营业部,1,1060.56,1,0.0,0,奥瑞德
光大证券股份有限公司宁波北仑新碶证券营业部,2,179.69,1,218.26,1,继峰股份
中山证券有限责任公司海城海州大街证券营业部,1,189.39,1,0.0,0,日出东方
广发证券股份有限公司吴江仲英大道证券营业部,1,740.16,1,0.0,0,东方通信
英大证券有限责任公司深圳新城广场证券营业部,2,459.16,2,0.0,0,"国恩股份,日出东方"
光大证券股份有限公司沈阳十一纬路证券营业部,1,571.15,1,0.0,0,奥瑞德
信达证券股份有限公司广州番禺富华东路证券营业部,2,2369.94,1,2466.52,1,"江特电机,东方通信"
西部证券股份有限公司宁波安波路证券营业部,1,0.0,0,220.42,1,继峰股份
财富证券有限责任公司温州车站大道证券营业部,1,0.0,0,129.04,1,日出东方
中信证券股份有限公司河北分公司,1,0.0,0,503.94,1,奥瑞德
恒泰证券股份有限公司上海小木桥路证券营业部,1,0.0,0,411.0,1,奥瑞德
华安证券股份有限公司成都星狮路证券营业部,1,0.0,0,810.44,1,东方通信
上海证券有限责任公司南京胜太路证券营业部,2,374.68,1,377.83,1,"海达股份,奥瑞德"
光大证券股份有限公司宁波镇海城关证券营业部,1,0.0,0,177.69,1,继峰股份
国泰君安证券股份有限公司重庆九尺坎证券营业部,5,3015.71,4,766.28,1,"雪莱特,汉嘉设计,东方通信"
中国银河证券股份有限公司温州大南路证券营业部,3,1206.15,2,272.62,1,"隆利科技,金鸿顺"
中国银河证券股份有限公司温州锦绣路证券营业部,2,245.44,1,267.32,1,金鸿顺
中信建投证券股份有限公司温州大南路证券营业部,2,228.39,1,250.09,1,金鸿顺
东兴证券股份有限公司福州五一北路证券营业部,1,470.43,1,0.0,0,贝通信
申万宏源证券有限公司东莞鸿福路证券营业部,2,0.0,0,3575.79,2,"长城动漫,金鸿顺"
新时代证券股份有限公司深圳彩田路证券营业部,1,0.0,0,3312.39,1,金鸿顺
长江证券股份有限公司武汉友谊路证券营业部,1,0.0,0,219.92,1,金鸿顺
华泰证券股份有限公司深圳深南大道证券营业部,2,0.0,0,587.78,2,"皖通科技,金鸿顺"
中国银河证券股份有限公司娄底乐坪大道证券营业部,1,0.0,0,412.28,1,贝通信
广发证券股份有限公司武汉万松园路证券营业部,1,0.0,0,149.92,1,金鸿顺
申万宏源证券有限公司安徽分公司,2,1563.12,2,0.0,0,"新大洲A,华谊嘉信"
申万宏源证券有限公司上海静安区延长中路证券营业部,1,478.53,1,0.0,0,东信和平
中信建投证券股份有限公司济南经四路证券营业部,1,251.1,1,0.0,0,中弘退
东吴证券股份有限公司苏州胥江路证券营业部,1,215.15,1,0.0,0,东信和平
国泰君安证券股份有限公司宜昌四新路证券营业部,1,558.57,1,0.0,0,新大洲A
招商证券股份有限公司北京建国路证券营业部,1,96.12,1,0.0,0,中弘退
华福证券有限责任公司北京海淀南路证券营业部,1,436.07,1,0.0,0,新大洲A
华林证券股份有限公司江门冈州大道证券营业部,1,84.92,1,0.0,0,中弘退
中泰证券股份有限公司滨州邹平黄山三路证券营业部,1,0.0,0,734.4,1,新大洲A
华宝证券有限责任公司舟山普陀东港兴普大道证券营业部,1,0.0,0,684.05,1,新大洲A
中信证券股份有限公司宁波天童北路证券营业部,1,0.0,0,552.51,1,新大洲A
五矿证券有限公司杭州市中山北路证券营业部,5,1172.78,2,446.65,3,"神州数码,中弘退,成都路桥"
中信证券（山东）有限责任公司淄博分公司,5,2164.2,4,492.57,1,"成都路桥,雪莱特,海特高新,"
华泰证券股份有限公司上海西藏南路证券营业部,2,647.23,1,915.39,1,"雪莱特,ST新光"
东方证券股份有限公司上海闸北区中兴路证券营业部,2,0.0,0,1756.15,2,雪莱特
华泰证券股份有限公司绍兴府山证券营业部,3,1108.4,2,783.65,1,"新农股份,雪莱特,皖通科技"
第一创业证券股份有限公司佛山绿景三路证券营业部,1,0.0,0,428.24,1,雪莱特
中国中投证券有限责任公司重庆民权路证券营业部,2,3098.65,1,3092.8,1,ST新光
山西证券股份有限公司河津泰兴东路证券营业部,1,1485.35,1,0.0,0,ST新光
平安证券股份有限公司广西分公司,1,463.66,1,0.0,0,浔兴股份
江海证券有限公司哈尔滨邮政街证券营业部,2,792.04,1,808.11,1,ST新光
招商证券股份有限公司深圳深南东路证券营业部,2,181.57,2,0.0,0,上海莱士
东海证券股份有限公司上海水城南路证券营业部,1,25.24,1,0.0,0,上海莱士
长江证券股份有限公司上海世纪大道证券营业部,3,4412.93,2,618.75,1,"海特高新,江特电机,雪莱特"
南京证券股份有限公司银川凤凰北街证券营业部,1,1346.26,1,0.0,0,江特电机
国泰君安证券股份有限公司宜春袁山中路证券营业部,1,0.0,0,774.15,1,江特电机
中航证券有限公司宜春高士路证券营业部,1,0.0,0,693.67,1,江特电机
安信证券股份有限公司温州府东路证券营业部,2,0.0,0,122.98,2,上海莱士
海通证券股份有限公司杭州环城西路证券营业部,1,0.0,0,691.36,1,江特电机
安信证券股份有限公司南昌胜利路证券营业部,1,1460.25,1,0.0,0,融钰集团
中信建投证券股份有限公司福清田乾路证券营业部,1,0.0,0,677.36,1,江特电机
长城证券股份有限公司淄博柳泉路证券营业部,1,0.0,0,587.76,1,江特电机
国信证券股份有限公司佛山南海大道证券营业部,1,945.64,1,0.0,0,融钰集团
联储证券有限责任公司义乌四季路证券营业部,1,1598.0,1,0.0,0,国恩股份
海通证券股份有限公司宁波中山东路证券营业部,1,1495.31,1,0.0,0,国恩股份
东方证券股份有限公司台州椒江区中山东路证券营业部,1,0.0,0,1031.05,1,融钰集团
中泰证券股份有限公司上海虹梅路证券营业部,1,0.0,0,4045.46,1,国恩股份
东吴证券股份有限公司太仓上海东路证券营业部,1,0.0,0,432.35,1,冀凯股份
西藏东方财富证券股份有限公司东营东三路证券营业部,2,0.0,0,3122.24,2,国恩股份
广发证券股份有限公司成都新光路证券营业部,3,1055.34,2,731.76,1,"华控赛格,新莱应材,融钰集团"
华泰证券股份有限公司北京学院南路证券营业部,1,0.0,0,261.11,1,冀凯股份
东方证券股份有限公司拉萨察古大道证券营业部,1,0.0,0,610.62,1,融钰集团
平安证券股份有限公司山东分公司,1,0.0,0,1409.49,1,国恩股份
湘财证券股份有限公司佛山祖庙路证券营业部,1,0.0,0,507.54,1,融钰集团
中国银河证券股份有限公司上海浦东南路证券营业部,1,0.0,0,234.01,1,冀凯股份
中泰证券股份有限公司东营东三路证券营业部,1,0.0,0,1278.93,1,国恩股份
海通证券股份有限公司南京广州路证券营业部,4,1733.31,4,0.0,0,"冀凯股份,华伍股份,汉嘉设计,"
华鑫证券有限责任公司乐清双雁路证券营业部,3,483.31,1,984.59,2,"美芝股份,实丰文化"
中国银河证券股份有限公司汕头澄海证券营业部,1,270.87,1,0.0,0,实丰文化
招商证券股份有限公司上海娄山关路证券营业部,1,262.84,1,0.0,0,实丰文化
中泰证券股份有限公司汕头榕江路证券营业部,1,149.74,1,0.0,0,实丰文化
中国中投证券有限责任公司广州体育东路证券营业部,1,233.03,1,0.0,0,铭普光磁
东方证券股份有限公司天津西康路证券营业部,1,225.84,1,0.0,0,铭普光磁
平安证券股份有限公司深圳金田路证券营业部,1,242.09,1,0.0,0,锋龙股份
中信证券（山东）有限责任公司荣成成山大道证券营业部,1,0.0,0,399.68,1,锋龙股份
中山证券有限责任公司杭州庆春路证券营业部,1,0.0,0,681.42,1,实丰文化
中信证券股份有限公司上虞王充路证券营业部,1,0.0,0,213.96,1,锋龙股份
平安证券股份有限公司长沙五一大道证券营业部,1,0.0,0,200.18,1,锋龙股份
招商证券股份有限公司漳州胜利西路证券营业部,1,0.0,0,391.08,1,实丰文化
长城证券股份有限公司前海分公司,4,556.93,2,490.55,2,锋龙股份
兴业证券股份有限公司晋江崇德路证券营业部,1,0.0,0,284.58,1,实丰文化
中信建投证券股份有限公司武汉中北路证券营业部,2,373.67,1,382.63,1,锋龙股份
国信证券股份有限公司深圳福中分公司,2,563.16,1,514.77,1,"新疆交建,隆利科技"
华泰证券股份有限公司南京中山北路第二证券营业部,2,520.75,1,550.72,1,新疆交建
第一创业证券股份有限公司深圳海天一路证券营业部,1,501.34,1,0.0,0,新疆交建
华泰证券股份有限公司上海浦东新区福山路证券营业部,2,0.0,0,1324.59,2,"新疆交建,宇晶股份"
西南证券股份有限公司青海分公司,1,0.0,0,463.82,1,宇晶股份
中国中投证券有限责任公司中山石岐宏基路证券营业部,1,259.91,1,0.0,0,天龙集团
华泰证券股份有限公司浙江分公司,1,455.86,1,0.0,0,华谊嘉信
中国中投证券有限责任公司扬州邗江北路证券营业部,2,1397.91,2,0.0,0,"华谊嘉信,ST慧球"
中信建投证券股份有限公司西安南大街证券营业部,1,920.63,1,0.0,0,新开源
光大证券股份有限公司宁海气象北路证券营业部,1,320.71,1,0.0,0,新开源
华泰证券股份有限公司江阴分公司,3,574.53,1,1650.04,2,"高科石化,海达股份,新开源"
银泰证券有限责任公司苏州葑门西街证券营业部,1,0.0,0,406.99,1,新开源
华泰证券股份有限公司永嘉阳光大道证券营业部,1,0.0,0,936.49,1,朗源股份
东莞证券股份有限公司惠州分公司,1,0.0,0,220.38,1,新开源
中泰证券股份有限公司淄博中心路证券营业部,1,0.0,0,162.83,1,新开源
华泰证券股份有限公司广东分公司,1,153.68,1,0.0,0,天翔环境
东方证券股份有限公司南宁金湖路证券营业部,1,81.66,1,0.0,0,天翔环境
国泰君安证券股份有限公司抚州赣东大道证券营业部,1,293.78,1,0.0,0,朗源股份
东北证券股份有限公司佛山分公司,1,30.62,1,0.0,0,天翔环境
安信证券股份有限公司广州新港西路证券营业部,1,26.05,1,0.0,0,天翔环境
英大证券有限责任公司深圳华侨城证券营业部,1,0.0,0,2.6,1,天翔环境
兴业证券股份有限公司哈尔滨友谊路证券营业部,1,333.53,1,0.0,0,万通智控
中邮证券有限责任公司福建分公司,1,160.73,1,0.0,0,英飞特
中信建投证券股份有限公司北京宣武门外大街证券营业部,1,203.45,1,0.0,0,万通智控
中信建投证券股份有限公司乌鲁木齐南湖北路证券营业部,1,0.0,0,910.2,1,英飞特
华泰证券股份有限公司南京长江路证券营业部,1,0.0,0,225.57,1,英飞特
中国银河证券股份有限公司北京太阳宫证券营业部,2,247.22,1,305.09,1,"顶固集创,万通智控"
华鑫证券有限责任公司常州晋陵中路证券营业部,3,337.12,1,778.86,2,"科力尔,新农股份,万通智控"
中原证券股份有限公司商丘分公司,1,320.09,1,0.0,0,宇信科技
湘财证券股份有限公司上海江宁路证券营业部,1,343.14,1,0.0,0,西菱动力
广发证券股份有限公司普宁流沙证券营业部,1,0.0,0,82.79,1,西菱动力
华泰证券股份有限公司南京汉中门大街证券营业部,1,0.0,0,65.36,1,西菱动力
中国银河证券股份有限公司北京学院南路证券营业部,2,0.0,0,339.41,2,"华控赛格,汉嘉设计"
长江证券股份有限公司青岛延安三路证券营业部,1,0.0,0,272.14,1,金力永磁
兴业证券股份有限公司福州树汤路证券营业部,1,0.0,0,270.26,1,金力永磁
国盛证券有限责任公司宁波桑田路证券营业部,6,1293.48,2,3615.14,4,"汉嘉设计,雅运股份,顶固集创,"
国海证券股份有限公司南宁滨湖路证券营业部,1,537.7,1,0.0,0,金力永磁
华泰证券股份有限公司南京草场门大街证券营业部,2,309.29,1,476.15,1,金力永磁
海通证券股份有限公司北京阜外大街证券营业部,1,662.04,1,0.0,0,顶固集创
中国银河证券股份有限公司杭州艮山西路证券营业部,1,0.0,0,120.32,1,汉嘉设计
广发证券股份有限公司江门新会知政中路证券营业部,1,0.0,0,782.52,1,顶固集创
华泰证券股份有限公司苏州吴中大道证券营业部,1,0.0,0,115.05,1,汉嘉设计
海通证券股份有限公司盐城建军中路证券营业部,1,0.0,0,342.74,1,顶固集创
海通证券股份有限公司杭州解放路证券营业部,4,712.43,1,1310.5,3,"山西路桥,科沃斯,剑桥科技"
中信证券股份有限公司武汉关山大道证券营业部,2,923.95,1,954.38,1,山东路桥
华泰证券股份有限公司启东人民中路证券营业部,2,281.27,1,307.3,1,山西路桥
东海证券股份有限公司合肥濉溪路证券营业部,1,458.94,1,0.0,0,长城动漫
信达证券股份有限公司义乌宾王路证券营业部,1,59.06,1,0.0,0,山西路桥
华福证券有限责任公司福鼎南大路证券营业部,1,210.45,1,0.0,0,长城动漫
申万宏源证券有限公司无锡清扬路证券营业部,1,43.63,1,0.0,0,山西路桥
招商证券股份有限公司深圳福华三路证券营业部,1,163.69,1,0.0,0,长城动漫
中银国际证券股份有限公司海口蓝天路证券营业部,1,0.0,0,165.79,1,长城动漫
平安证券股份有限公司江苏分公司,1,0.0,0,443.49,1,山东路桥
东莞证券股份有限公司北京分公司,3,1238.5,2,58.04,1,"特尔佳,山西路桥"
申万宏源证券有限公司上海黄浦区新昌路证券营业部,1,0.0,0,52.57,1,山西路桥
国泰君安证券股份有限公司重庆观音桥步行街证券营业部,1,0.0,0,94.08,1,长城动漫
国泰君安证券股份有限公司株洲建设中路证券营业部,1,0.0,0,40.86,1,山西路桥
申万宏源证券有限公司南京华侨路证券营业部,1,0.0,0,88.88,1,长城动漫
开源证券股份有限公司西安长安路证券营业部,1,0.0,0,224.88,1,山东路桥
山西证券股份有限公司太原真武路证券营业部,1,0.0,0,36.11,1,山西路桥
东海证券股份有限公司常州延政中路证券营业部,1,0.0,0,82.4,1,长城动漫
中国银河证券股份有限公司合肥金城证券营业部,2,526.77,1,245.28,1,*ST凯迪
海通证券股份有限公司深圳分公司华富路证券营业部,5,2572.94,5,0.0,0,"成都路桥,华铁股份,科融环境,"
广发证券股份有限公司广州花城大道证券营业部,1,277.73,1,0.0,0,*ST凯迪
海通证券股份有限公司北京中关村南大街证券营业部,1,418.06,1,0.0,0,华铁股份
长城证券股份有限公司广州天河北路证券营业部,1,215.03,1,0.0,0,*ST凯迪
中国银河证券股份有限公司北京金融街证券营业部,1,408.34,1,0.0,0,华铁股份
国融证券股份有限公司广州华夏路证券营业部,1,0.0,0,446.47,1,华铁股份
华林证券股份有限公司湖南分公司,1,0.0,0,335.0,1,*ST凯迪
西南证券股份有限公司杭州庆春东路证券营业部,1,0.0,0,321.96,1,华铁股份
中信证券股份有限公司芜湖新时代商业街证券营业部,1,0.0,0,282.45,1,华铁股份
招商证券股份有限公司北京车公庄西路证券营业部,2,283.49,1,273.95,1,"朗迪集团,华铁股份"
海通证券股份有限公司芜湖文化路证券营业部,1,0.0,0,268.67,1,华铁股份
财富证券有限责任公司天津分公司,1,162.0,1,0.0,0,上海莱士
方正证券股份有限公司益阳安化新开路证券营业部,2,242.83,2,0.0,0,上海莱士
海通证券股份有限公司天津霞光道证券营业部,1,1068.87,1,0.0,0,海特高新
国泰君安证券股份有限公司北京知春路证券营业部,2,187.07,2,0.0,0,上海莱士
宏信证券有限责任公司成都锦城大道证券营业部,2,2254.9,2,0.0,0,"成都路桥,海特高新"
浙商证券股份有限公司海宁水月亭西路证券营业部,1,54.43,1,0.0,0,中弘退
中信证券（山东）有限责任公司济宁吴泰闸路证券营业部,1,84.17,1,0.0,0,上海莱士
中信证券股份有限公司杭州新天地证券营业部,2,0.0,0,217.7,2,中弘退
国泰君安证券股份有限公司海口国贸大道证券营业部,1,0.0,0,62.4,1,中弘退
中国中投证券有限责任公司溧阳煤建路证券营业部,1,0.0,0,463.66,1,海特高新
国泰君安证券股份有限公司徐州和平路证券营业部,1,0.0,0,54.98,1,中弘退
国联证券股份有限公司深圳海秀路证券营业部,2,401.65,1,393.85,1,*ST德奥
中国中投证券有限责任公司上海虹口区横浜路证券营业部,1,647.01,1,0.0,0,*ST德奥
中信证券股份有限公司上海分公司,1,4633.28,1,0.0,0,老板电器
信达证券股份有限公司绍兴裕民路证券营业部,1,439.35,1,0.0,0,*ST德奥
华西证券股份有限公司北京紫竹院路证券营业部,2,4232.91,2,0.0,0,"老板电器,蓝光发展"
国元证券股份有限公司蚌埠东海大道凤凰大厦证券营业部,1,431.26,1,0.0,0,*ST德奥
国泰君安证券股份有限公司上海银城中路证券营业部,1,2437.7,1,0.0,0,老板电器
招商证券股份有限公司深圳深南大道车公庙证券营业部,1,700.29,1,0.0,0,多喜爱
西南证券股份有限公司济南分公司,1,0.0,0,696.21,1,成都路桥
平安证券股份有限公司深圳红岭基金产业园证券营业部,1,0.0,0,4443.75,1,多喜爱
联储证券有限责任公司深圳滨海大道易思博证券营业部,1,0.0,0,2698.08,1,多喜爱
国元证券股份有限公司天津河北路证券营业部,1,0.0,0,1289.91,1,老板电器
国泰君安证券股份有限公司长沙芙蓉中路证券营业部,1,0.0,0,2467.52,1,多喜爱
中国中投证券有限责任公司深圳桃园路证券营业部,1,0.0,0,1177.07,1,老板电器
华鑫证券有限责任公司上海茅台路证券营业部,2,0.0,0,4170.56,2,多喜爱
东方证券股份有限公司西安桃园南路证券营业部,1,0.0,0,930.05,1,老板电器
民生证券股份有限公司深圳深南大道科技园证券营业部,1,1093.12,1,0.0,0,高科石化
中天证券股份有限公司绍兴胜利东路证券营业部,3,2481.42,1,2038.47,2,"多喜爱,亚士创能"
长江证券股份有限公司佛山南海大道证券营业部,1,2176.69,1,0.0,0,多喜爱
东吴证券股份有限公司苏州相城采莲路证券营业部,1,602.73,1,0.0,0,高科石化
华泰证券股份有限公司上海共和新路证券营业部,3,1972.22,1,4510.85,2,"多喜爱,隆利科技"
华福证券有限责任公司宁波百丈东路证券营业部,1,819.22,1,0.0,0,多喜爱
申万宏源西部证券有限公司盐城解放北路证券营业部,1,505.76,1,0.0,0,高科石化
华泰证券股份有限公司宜兴解放东路证券营业部,1,0.0,0,2178.22,1,高科石化
东吴证券股份有限公司苏州工业园区现代大道证券营业部,1,0.0,0,937.71,1,高科石化
国泰君安证券股份有限公司上海陆家嘴东路证券营业部,1,0.0,0,814.29,1,高科石化
中信证券股份有限公司上海东方路证券营业部,1,0.0,0,812.34,1,高科石化
国联证券股份有限公司宜兴人民南路证券营业部,1,0.0,0,746.01,1,高科石化
东莞证券股份有限公司湖北分公司,1,500.63,1,0.0,0,科力尔
江海证券有限公司厦门吕岭路证券营业部,2,821.33,2,0.0,0,"星帅尔,科力尔"
联储证券有限责任公司广州黄埔大道西证券营业部,1,331.94,1,0.0,0,科力尔
方正证券股份有限公司厦门分公司,1,0.0,0,674.69,1,科力尔
海通证券股份有限公司深圳分公司红岭南路证券营业部,1,0.0,0,371.07,1,锋龙股份
太平洋证券股份有限公司石狮福辉路证券营业部,1,0.0,0,378.12,1,科力尔
兴业证券股份有限公司厦门湖里大道证券营业部,1,0.0,0,279.59,1,科力尔
中银国际证券股份有限公司福州五四路证券营业部,1,0.0,0,290.0,1,锋龙股份
中信证券股份有限公司上海安亭证券营业部,1,0.0,0,248.88,1,科力尔
中信证券股份有限公司天津滨海新区黄海路证券营业部,1,350.95,1,0.0,0,宇晶股份
中国银河证券股份有限公司成都科华北路证券营业部,1,412.45,1,0.0,0,鼎汉技术
万联证券股份有限公司成都分公司,1,281.23,1,0.0,0,华伍股份
国泰君安证券股份有限公司广州东风中路证券营业部,1,0.0,0,588.45,1,鼎汉技术
广发证券股份有限公司深圳高新南一道证券营业部,1,0.0,0,819.88,1,华伍股份
广发证券股份有限公司广州昌岗中路证券营业部,1,0.0,0,356.53,1,鼎汉技术
中信证券股份有限公司深圳深南中路中信大厦证券营业部,1,0.0,0,503.33,1,华伍股份
中信证券股份有限公司海南分公司,1,0.0,0,282.0,1,鼎汉技术
天风证券股份有限公司深圳平安金融中心证券营业部,1,0.0,0,349.05,1,华伍股份
广发证券股份有限公司海口龙昆北路证券营业部,2,0.0,0,232.93,2,"ST慧球,鼎汉技术"
华福证券有限责任公司广州华穗路证券营业部,1,0.0,0,343.49,1,华伍股份
中信证券股份有限公司北京紫竹院路证券营业部,1,0.0,0,194.0,1,鼎汉技术
中信证券股份有限公司中山中山四路证券营业部,1,0.0,0,283.5,1,华伍股份
东方证券股份有限公司桂林中山中路证券营业部,1,979.55,1,0.0,0,华伍股份
兴业证券股份有限公司福州鳌峰路证券营业部,1,819.74,1,0.0,0,天翔环境
山西证券股份有限公司朔州开发路证券营业部,1,0.0,0,227.18,1,富瑞特装
中银国际证券股份有限公司长春同志街证券营业部,1,0.0,0,671.76,1,海达股份
广发证券股份有限公司重庆科园一路证券营业部,1,0.0,0,6308.84,1,天翔环境
中国国际金融股份有限公司佛山季华五路证券营业部,1,0.0,0,2774.94,1,天翔环境
国元证券股份有限公司上海民生路证券营业部,1,0.0,0,88.35,1,富瑞特装
国泰君安证券股份有限公司临海巾山中路证券营业部,2,211.88,1,166.36,1,"多喜爱,海达股份"
招商证券股份有限公司天津友谊北路证券营业部,1,0.0,0,2141.31,1,天翔环境
中国中投证券有限责任公司广州滨江东路证券营业部,1,0.0,0,77.39,1,富瑞特装
东方证券股份有限公司成都天府大道证券营业部,1,0.0,0,1600.59,1,天翔环境
海通证券股份有限公司福州群众路证券营业部,1,2415.9,1,0.0,0,天翔环境
中信建投证券股份有限公司上海徐家汇路证券营业部,1,462.6,1,0.0,0,海达股份
兴业证券股份有限公司福州湖东路证券营业部,2,1959.44,2,0.0,0,"天翔环境,德创环保"
联讯证券股份有限公司上海长宁路证券营业部,2,850.53,2,0.0,0,"特尔佳,海达股份"
兴业证券股份有限公司福州五一北路证券营业部,1,1249.93,1,0.0,0,天翔环境
海通证券股份有限公司青岛湛山一路证券营业部,1,312.94,1,0.0,0,奥联电子
中信建投证券股份有限公司兰州皋兰路证券营业部,1,0.0,0,1230.32,1,奥联电子
银泰证券有限责任公司大连五五路证券营业部,1,0.0,0,880.99,1,奥联电子
长江证券股份有限公司厦门鹭江道证券营业部,2,0.0,0,320.26,2,"奥联电子,爱朋医疗"
安信证券股份有限公司大连汇达街营业部,2,398.48,1,293.38,1,奥联电子
中信证券股份有限公司北京京城大厦证券营业部,1,338.4,1,0.0,0,宇信科技
海通证券股份有限公司深圳金田路证券营业部,1,423.32,1,0.0,0,奥联电子
东兴证券股份有限公司深圳金田路证券营业部,1,329.96,1,0.0,0,奥联电子
浙商证券股份有限公司台州环城东路证券营业部,3,708.84,2,518.72,1,"汉嘉设计,华映科技"
中信建投证券股份有限公司北京昌平昌崔路证券营业部,1,0.0,0,378.04,1,宇信科技
华福证券有限责任公司厦门分公司,1,2433.75,1,0.0,0,隆利科技
广发证券股份有限公司上海民生路证券营业部,1,1101.5,1,0.0,0,隆利科技
海通证券股份有限公司广州新港东路证券营业部,1,1079.08,1,0.0,0,隆利科技
长江证券股份有限公司武汉珞瑜路证券营业部,1,0.0,0,1.14,1,爱朋医疗
广发证券股份有限公司上海张江路证券营业部,1,0.0,0,1.14,1,爱朋医疗
方正证券股份有限公司西安南大街证券营业部,1,0.0,0,473.16,1,隆利科技
华泰证券股份有限公司合肥怀宁路证券营业部,1,0.21,1,0.0,0,爱朋医疗
财达证券股份有限公司沧州任丘建设中路证券营业部,1,0.0,0,1.14,1,爱朋医疗
长城证券股份有限公司青岛台东一路证券营业部,1,0.0,0,1.14,1,爱朋医疗
财通证券股份有限公司温岭中华路证券营业部,1,978.88,1,0.0,0,剑桥科技
中信证券股份有限公司总部(非营业场所),2,1748.83,2,0.0,0,"蓝光发展,博天环境"
长江证券股份有限公司深圳龙华民旺路证券营业部,1,96.4,1,0.0,0,金鸿顺
申万宏源证券有限公司嘉兴禾兴南路证券营业部,1,95.86,1,0.0,0,金鸿顺
财通证券股份有限公司杭州秋涛路证券营业部,1,342.06,1,0.0,0,亚士创能
大通证券股份有限公司大连黑石礁街证券营业部,1,89.59,1,0.0,0,金鸿顺
国融证券股份有限公司杭州江晖路证券营业部,2,811.72,2,0.0,0,"剑桥科技,山西路桥"
华鑫证券有限责任公司上海宛平南路证券营业部,1,326.08,1,0.0,0,亚士创能
申万宏源证券有限公司上海静安区沪太路证券营业部,1,0.0,0,3150.19,1,剑桥科技
华泰证券股份有限公司苏州新市路证券营业部,1,0.0,0,394.11,1,亚士创能
国泰君安证券股份有限公司揭阳黄岐山大道证券营业部,1,0.0,0,1280.92,1,剑桥科技
财通证券股份有限公司客户资产管理部,1,0.0,0,214.8,1,亚士创能
国信证券股份有限公司烟台南大街证券营业部,1,0.0,0,854.64,1,蓝光发展
中信证券股份有限公司杭州玉皇山南基金小镇证券营业部,1,0.0,0,789.98,1,剑桥科技
浙商证券股份有限公司诸暨艮塔路证券营业部,2,0.0,0,813.24,2,"多喜爱,亚士创能"
中泰证券股份有限公司天津红旗路证券营业部,2,1781.73,1,683.88,1,"华兰生物,蓝光发展"
国泰君安证券股份有限公司衡阳雁城路证券营业部,2,640.4,1,650.71,1,东方环宇
平安证券股份有限公司武汉建设大道证券营业部,2,410.22,1,394.1,1,东方环宇
新时代证券股份有限公司佛山南海大道证券营业部,1,351.04,1,0.0,0,东方环宇
中航证券有限公司北京慧忠路证券营业部,1,185.67,1,0.0,0,朗迪集团
华龙证券股份有限公司兰州民主东路证券营业部,1,0.0,0,476.77,1,东方环宇
东北证券股份有限公司福州五一中路证券营业部,1,0.0,0,201.49,1,朗迪集团
平安证券股份有限公司芜湖江北证券营业部,1,0.0,0,240.56,1,东方环宇
海通证券股份有限公司北京工人体育场北路证券营业部,1,0.0,0,199.69,1,朗迪集团
浙商证券股份有限公司永嘉双塔路证券营业部,1,0.0,0,195.96,1,朗迪集团
广州证券股份有限公司上海杨高南路证券营业部,1,956.32,1,0.0,0,博天环境
长城证券股份有限公司上海延安西路证券营业部,1,1758.44,1,0.0,0,睿能科技
湘财证券股份有限公司杭州文二西路证券营业部,1,548.25,1,0.0,0,德创环保
国金证券股份有限公司南京江东中路证券营业部,1,1437.02,1,0.0,0,坤彩科技
海通证券股份有限公司自贡丹桂街证券营业部,1,530.4,1,0.0,0,科沃斯
中信证券股份有限公司北京北苑证券营业部,1,605.25,1,0.0,0,坤彩科技
华西证券股份有限公司自贡五星街证券营业部,1,320.02,1,0.0,0,科沃斯
中信建投证券股份有限公司长沙星沙证券营业部,1,225.97,1,0.0,0,德创环保
长城国瑞证券有限公司厦门莲前东路证券营业部,1,220.16,1,0.0,0,德创环保
海通证券股份有限公司福清清昌大道证券营业部,1,433.91,1,0.0,0,坤彩科技
中国中投证券有限责任公司自贡丹桂南大街证券营业部,2,401.56,2,0.0,0,"科沃斯,南风股份"
方正证券股份有限公司温州永中西路证券营业部,1,625.5,1,0.0,0,睿能科技
万和证券股份有限公司成都通盈街证券营业部,1,0.0,0,367.21,1,博天环境
金元证券股份有限公司海口南宝路证券营业部,1,427.89,1,0.0,0,坤彩科技
东海证券股份有限公司杭州秋涛北路证券营业部,2,140.1,1,189.13,1,"科沃斯,金力永磁"
信达证券股份有限公司上海闵行区七莘路证券营业部,1,0.0,0,648.64,1,睿能科技
中银国际证券股份有限公司广州天河路证券营业部,1,130.84,1,0.0,0,科沃斯
东方证券股份有限公司成都建设路证券营业部,2,811.05,1,576.11,1,"华映科技,睿能科技"
招商证券股份有限公司广州天河北路证券营业部,2,144.51,1,315.4,1,"绿茵生态,博天环境"
华泰证券股份有限公司北京西三环北路证券营业部,2,1302.13,1,1443.66,1,"皖通科技,坤彩科技"
东吴证券股份有限公司绍兴金柯桥大道证券营业部,1,0.0,0,484.46,1,睿能科技
海通证券股份有限公司武汉赵家条证券营业部,1,0.0,0,102.77,1,德创环保
国联证券股份有限公司无锡中山路证券营业部,1,0.0,0,91.48,1,德创环保
中信证券股份有限公司桐庐迎春南路证券营业部,1,0.0,0,172.46,1,博天环境
招商证券股份有限公司上海世纪大道证券营业部,1,0.0,0,437.11,1,坤彩科技
广发证券股份有限公司武汉友谊大道证券营业部,1,309.29,1,0.0,0,雅运股份
广发证券股份有限公司深圳民田路证券营业部,1,0.0,0,390.87,1,雅运股份
兴业证券股份有限公司福清清昌大道证券营业部,1,0.0,0,257.39,1,雅运股份
华泰证券股份有限公司南京解放路证券营业部,1,234.83,1,0.0,0,华仪电气
德邦证券股份有限公司上海志丹路营业部,1,153.05,1,0.0,0,ST慧球
财通证券股份有限公司瑞安塘河南路证券营业部,1,164.41,1,0.0,0,华仪电气
申港证券股份有限公司上海浦东新区世纪大道证券营业部,1,100.6,1,0.0,0,ST慧球
中信证券(山东)有限责任公司青岛延川路证券营业部,1,152.58,1,0.0,0,华仪电气
国金证券股份有限公司成都龙泉驿区龙都南路证券营业部,1,40.37,1,0.0,0,ST慧球
长江证券股份有限公司南宁双拥路证券营业部,1,536.49,1,0.0,0,贝通信
华泰证券股份有限公司广州云城西路证券营业部,1,419.9,1,0.0,0,东方环宇
上海证券有限责任公司乐清旭阳路证券营业部,1,152.12,1,0.0,0,华仪电气
国泰君安证券股份有限公司北京德外大街证券营业部,1,0.0,0,102.27,1,ST慧球
东方证券股份有限公司上海宝山区殷高西路证券营业部,1,0.0,0,182.32,1,华仪电气
中国银河证券股份有限公司北京学清路证券营业部,1,0.0,0,49.05,1,ST慧球
广发证券股份有限公司宜兴东虹东路证券营业部,1,0.0,0,181.7,1,华仪电气
首创证券有限责任公司邢台中华大街证券营业部,1,0.0,0,33.44,1,ST慧球
中信证券股份有限公司杭州凤起路证券营业部,1,0.0,0,30.65,1,ST慧球
招商证券股份有限公司宁波丽江东路证券营业部,1,0.0,0,161.37,1,华仪电气
安信证券股份有限公司福建第二分公司,1,255.48,1,0.0,0,国农科技
恒泰证券股份有限公司杭州富春路证券营业部,1,1689.65,1,0.0,0,神州数码
长江证券股份有限公司焦作民主南路证券营业部,1,78.79,1,0.0,0,国农科技
国泰君安证券股份有限公司南京太平南路证券营业部,3,1750.13,3,0.0,0,"特尔佳,华控赛格,新天科技"
英大证券有限责任公司福州五四路证券营业部,1,77.43,1,0.0,0,国农科技
中信证券股份有限公司长兴明珠路证券营业部,1,745.86,1,0.0,0,神州数码
安信证券股份有限公司晋中中都北路证券营业部,1,64.67,1,0.0,0,国农科技
华宝证券有限责任公司上海东大名路证券营业部,2,59.99,1,67.97,1,国农科技
中国银河证券股份有限公司蚌埠东海大道证券营业部,1,484.97,1,0.0,0,神州数码
第一创业证券股份有限公司深圳总部证券营业部,1,459.26,1,0.0,0,华控赛格
信达证券股份有限公司鞍山工人街证券营业部,1,0.0,0,106.42,1,国农科技
五矿证券有限公司杭州市心北路证券营业部,2,0.0,0,671.22,2,"新天科技,国农科技"
方正证券股份有限公司郑州嵩山南路证券营业部,1,0.0,0,257.77,1,华控赛格
东兴证券股份有限公司福州五一中路证券营业部,1,0.0,0,71.62,1,国农科技
申万宏源证券有限公司宁夏分公司,1,0.0,0,1584.2,1,神州数码
长城证券交易单元(048700),1,0.0,0,1261.57,1,神州数码
光大证券股份有限公司福州五一北路证券营业部,1,0.0,0,61.06,1,国农科技
湘财证券股份有限公司北京北四环东路证券营业部,1,528.06,1,0.0,0,山东路桥
招商证券股份有限公司合肥北一环证券营业部,1,507.16,1,0.0,0,山东路桥
广发证券股份有限公司南昌北京西路证券营业部,1,0.0,0,788.72,1,山东路桥
华融证券股份有限公司湘潭芙蓉中路证券营业部,1,521.41,1,0.0,0,山西路桥
中国银河证券股份有限公司深圳福华一路证券营业部,1,736.4,1,0.0,0,华映科技
中山证券有限责任公司揭阳普宁河滨路证券营业部,1,409.39,1,0.0,0,华映科技
山西证券股份有限公司太原漪汾街证券营业部,1,88.89,1,0.0,0,中弘退
国海证券股份有限公司南宁东葛路证券营业部,1,264.7,1,0.0,0,山西路桥
华泰证券股份有限公司烟台锦华街证券营业部,1,302.71,1,0.0,0,华映科技
中信证券股份有限公司诸暨暨东路证券营业部,1,58.29,1,0.0,0,中弘退
招商证券股份有限公司马鞍山湖南西路证券营业部,1,0.0,0,997.5,1,华映科技
兴业证券股份有限公司山西分公司,1,0.0,0,659.86,1,山西路桥
招商证券股份有限公司深圳笋岗路证券营业部,1,0.0,0,665.2,1,华映科技
中银国际证券股份有限公司沈阳和平南大街证券营业部,1,0.0,0,352.37,1,山西路桥
广发证券股份有限公司随州烈山大道证券营业部,1,0.0,0,494.92,1,华映科技
金元证券股份有限公司扬州文昌西路证券营业部,1,0.0,0,292.75,1,山西路桥
国海证券股份有限公司梧州奥奇丽路证券营业部,1,0.0,0,82.01,1,中弘退
长江证券股份有限公司成都光华村街证券营业部,1,507.97,1,0.0,0,雪莱特
申万宏源证券有限公司深圳金田路证券营业部,1,0.0,0,3711.69,1,华兰生物
海通证券股份有限公司扬州汶河南路证券营业部,1,1044.7,1,0.0,0,通产丽星
海通证券股份有限公司上海建国西路证券营业部,1,226.83,1,0.0,0,通产丽星
海通证券股份有限公司上海牡丹江路证券营业部,1,47.11,1,0.0,0,通产丽星
长江证券股份有限公司上海福州路证券营业部,1,0.0,0,42.24,1,通产丽星
华泰证券股份有限公司武汉武珞路证券营业部,1,0.0,0,39.71,1,通产丽星
招商证券股份有限公司青岛金家岭金融区证券营业部,1,0.0,0,37.59,1,通产丽星
中国中投证券有限责任公司深圳深南大道证券营业部,1,0.0,0,562.88,1,特尔佳
财达证券股份有限公司北京首体南路证券营业部,1,0.0,0,32.21,1,通产丽星
国信证券股份有限公司深圳红岭中路证券营业部,1,0.0,0,521.57,1,特尔佳
方正证券股份有限公司台州解放路证券营业部,1,743.42,1,0.0,0,通产丽星
海通证券股份有限公司北京知春路证券营业部,1,237.7,1,0.0,0,上海莱士
中信证券（山东）有限责任公司平度人民路证券营业部,1,0.0,0,81.31,1,通产丽星
财富证券有限责任公司长沙观沙路证券营业部,1,0.0,0,943.23,1,上海莱士
中国银河证券股份有限公司深圳罗湖证券营业部,1,0.0,0,79.97,1,通产丽星
中国中投证券有限责任公司深圳深南中路证券营业部,1,0.0,0,76.8,1,通产丽星
西南证券股份有限公司深圳深南大道证券营业部,1,0.0,0,519.0,1,上海莱士
兴业证券股份有限公司台州分公司,1,0.0,0,74.42,1,上海莱士
长江证券股份有限公司岳阳建湘路证券营业部,1,228.61,1,0.0,0,多喜爱
东方证券股份有限公司重庆时代天街证券营业部,1,309.85,1,0.0,0,皖通科技
光大证券股份有限公司宁波解放南路证券营业部,1,0.0,0,772.77,1,皖通科技
中信证券（山东）有限责任公司青岛南京路证券营业部,1,0.0,0,510.85,1,皖通科技
安信证券股份有限公司北京阜荣街证券营业部,1,0.0,0,1972.36,1,多喜爱
招商证券股份有限公司温州鹿城路证券营业部,1,0.0,0,481.25,1,皖通科技
广发证券股份有限公司北京广安门内大街证券营业部,1,0.0,0,1199.05,1,国恩股份
西南证券股份有限公司岳阳通海南路证券营业部,1,484.32,1,0.0,0,多喜爱
平安证券股份有限公司泉州安吉南路证券营业部,2,679.85,2,0.0,0,"美芝股份,锋龙股份"
国海证券股份有限公司金华八一南街证券营业部,1,463.81,1,0.0,0,美芝股份
华福证券有限责任公司富阳江滨西大道证券营业部,1,0.0,0,404.96,1,星帅尔
中国银河证券股份有限公司深圳景田证券营业部,2,0.0,0,281.16,2,"绿茵生态,星帅尔"
中信证券股份有限公司泉州宝洲路证券营业部,1,0.0,0,209.31,1,美芝股份
万和证券股份有限公司嘉兴广益路证券营业部,1,170.04,1,0.0,0,绿茵生态
湘财证券股份有限公司武汉友谊大道证券营业部,1,584.25,1,0.0,0,金龙羽
财通证券股份有限公司杭州东湖南路证券营业部,2,151.63,1,201.41,1,"绿茵生态,南风股份"
华龙证券股份有限公司新昌十九峰路证券营业部,1,405.06,1,0.0,0,金龙羽
财通证券股份有限公司温州人民东路证券营业部,1,369.17,1,0.0,0,金龙羽
安信证券股份有限公司汕头峡山证券营业部,1,0.0,0,424.41,1,金龙羽
中天证券股份有限公司上海武夷路证券营业部,1,0.0,0,171.92,1,绿茵生态
华西证券股份有限公司深圳民田路证券营业部,2,0.0,0,471.5,2,"金龙羽,科融环境"
华泰证券股份有限公司宜昌西陵一路证券营业部,1,0.0,0,111.89,1,绿茵生态
长城证券股份有限公司深圳后海中心路证券营业部,1,0.0,0,324.9,1,金龙羽
西藏东方财富证券股份有限公司拉萨江苏东路证券营业部,1,0.0,0,247.19,1,金龙羽
中国银河证券股份有限公司广州天河北路证券营业部,1,0.0,0,195.01,1,锋龙股份
国都证券股份有限公司沈阳天赐街证券营业部,1,0.0,0,91.08,1,绿茵生态
中信建投证券股份有限公司北京南大红门路证券营业部,1,207.26,1,0.0,0,绿茵生态
国信证券股份有限公司吉林分公司,1,471.06,1,0.0,0,新农股份
西南证券股份有限公司北京北三环中路证券营业部,1,731.48,1,0.0,0,新疆交建
华安证券股份有限公司合肥长江中路证券营业部,1,390.85,1,0.0,0,新农股份
东海证券股份有限公司长沙韶山北路证券营业部,1,0.0,0,707.52,1,新农股份
湘财证券股份有限公司上海陆家嘴证券营业部,1,330.04,1,0.0,0,宇晶股份
光大证券股份有限公司上海淮海中路证券营业部,1,130.97,1,0.0,0,南风股份
国元证券股份有限公司广州江南大道中路证券营业部,1,316.03,1,0.0,0,科融环境
国泰君安证券股份有限公司沈阳十一纬路证券营业部,1,0.0,0,609.94,1,科融环境
长城证券股份有限公司重庆观音桥步行街证券营业部,1,0.0,0,187.75,1,南风股份
中信建投证券股份有限公司北京太阳宫中路证券营业部,1,0.0,0,256.53,1,科融环境
国海证券股份有限公司上海世纪大道证券营业部,1,0.0,0,153.68,1,南风股份
广发证券股份有限公司佛山季华路证券营业部,1,0.0,0,180.31,1,科融环境
浙商证券股份有限公司绍兴金柯桥大道证券营业部,1,0.0,0,137.43,1,南风股份
中信证券股份有限公司杭州延安路证券营业部,1,495.4,1,0.0,0,神州数码
新时代证券股份有限公司宜昌东山大道证券营业部,2,500.71,2,0.0,0,"新莱应材,金力永磁"
国泰君安证券股份有限公司厦门鹭江道证券营业部,1,0.0,0,2144.11,1,新天科技
爱建证券有限责任公司厦门湖滨一里证券营业部,1,0.0,0,629.61,1,新莱应材
中原证券股份有限公司巩义嵩山路证券营业部,1,0.0,0,961.74,1,新天科技
华西证券股份有限公司南充涪江路证券营业部,1,0.0,0,288.27,1,新莱应材
华泰证券股份有限公司南京广州路证券营业部,1,0.0,0,684.36,1,新天科技
国泰君安证券股份有限公司深圳龙华壹成中心证券营业部,1,0.0,0,186.12,1,新莱应材
华泰证券股份有限公司南京止马营证券营业部,1,0.0,0,362.51,1,新天科技
中泰证券股份有限公司威海海滨北路证券营业部,1,0.0,0,112.98,1,新莱应材
恒泰证券股份有限公司呼和浩特新城北街证券营业部,1,317.12,1,0.0,0,宇信科技
国泰君安证券股份有限公司成都双庆路证券营业部,1,181.89,1,0.0,0,金力永磁
东吴证券股份有限公司昆山前进中路证券营业部,1,0.0,0,200.92,1,金力永磁
华泰证券股份有限公司北京月坛南街证券营业部,1,309.11,1,0.0,0,金力永磁
华安证券股份有限公司南昌子安路证券营业部,1,238.91,1,0.0,0,顶固集创
申万宏源证券有限公司福州鼓屏路证券营业部,1,192.46,1,0.0,0,顶固集创
财富证券有限责任公司长沙曙光中路证券营业部,1,177.6,1,0.0,0,顶固集创
大通证券股份有限公司上海高平路证券营业部,1,0.0,0,1.25,1,爱朋医疗
中国银河证券股份有限公司金华证券营业部,1,172.02,1,0.0,0,顶固集创
东莞证券股份有限公司东莞东城分公司,1,0.0,0,1.25,1,爱朋医疗
方正证券股份有限公司天台寒山路证券营业部,1,0.0,0,1.25,1,爱朋医疗
东方证券股份有限公司杭州龙井路证券营业部,1,0.0,0,1067.65,1,隆利科技
海通证券股份有限公司郴州青年大道证券营业部,1,0.0,0,598.45,1,隆利科技
华泰证券股份有限公司沈阳大西路证券营业部,1,0.0,0,537.39,1,隆利科技
爱建证券有限责任公司上海石门二路证券营业部,1,27.26,1,0.0,0,爱朋医疗
