code,name,area
603855,华荣股份,上海
600628,新世界,上海
300236,上海新阳,上海
300398,飞凯材料,上海
600119,长江投资,上海
600833,第一医药,上海
603009,北特科技,上海
300262,巴安水务,上海
002022,科华生物,上海
603887,城地股份,上海
600614,鹏起科技,上海
300230,永利股份,上海
601872,招商轮船,上海
603496,恒为科技,上海
600845,宝信软件,上海
600655,豫园股份,上海
603378,亚士创能,上海
600662,强生控股,上海
603918,金桥信息,上海
300378,鼎捷软件,上海
600629,华建集团,上海
000668,荣丰控股,上海
601788,光大证券,上海
300326,凯利泰,上海
603189,网达软件,上海
601231,环旭电子,上海
600643,爱建集团,上海
600651,飞乐音响,上海
600818,中路股份,上海
603885,吉祥航空,上海
600663,陆家嘴,上海
600652,游久游戏,上海
600851,海欣股份,上海
600613,神奇制药,上海
002825,纳尔股份,上海
601601,中国太保,上海
600767,ST运盛,上海
300578,会畅通讯,上海
002561,徐家汇,上海
300590,移为通信,上海
603991,至正股份,上海
600820,隧道股份,上海
300225,金力泰,上海
603960,克来机电,上海
002328,新朋股份,上海
600618,氯碱化工,上海
603131,上海沪工,上海
300008,天海防务,上海
600490,鹏欣资源,上海
002269,美邦服饰,上海
603650,彤程新材,上海
600320,振华重工,上海
601595,上海电影,上海
002706,良信电器,上海
603030,全筑股份,上海
600675,中华企业,上海
600601,方正科技,上海
600846,同济科技,上海
600210,紫江企业,上海
603868,飞科电器,上海
600616,金枫酒业,上海
601828,美凯龙,上海
600606,绿地控股,上海
300153,科泰电源,上海
603648,畅联股份,上海
300609,汇纳科技,上海
600615,丰华股份,上海
600836,界龙实业,上海
000863,三湘印象,上海
300171,东富龙,上海
600315,上海家化,上海
603499,翔港科技,上海
603580,艾艾精工,上海
600623,华谊集团,上海
002324,普利特,上海
603729,龙韵股份,上海
300327,中颖电子,上海
600679,上海凤凰,上海
603886,元祖股份,上海
300253,卫宁健康,上海
300483,沃施股份,上海
603197,保隆科技,上海
600612,老凤祥,上海
600641,万业企业,上海
600104,上汽集团,上海
603039,泛微网络,上海
600081,东风科技,上海
002158,汉钟精机,上海
603365,水星家纺,上海
600630,龙头股份,上海
600061,国投资本,上海
300222,科大智能,上海
600754,锦江股份,上海
300017,网宿科技,上海
603003,龙宇燃油,上海
603659,璞泰来,上海
603579,荣泰健康,上海
601200,上海环境,上海
603587,地素时尚,上海
002195,二三四五,上海
002506,协鑫集成,上海
603330,上海天洋,上海
601611,中国核建,上海
300442,普丽盛,上海
600597,光明乳业,上海
600196,复星医药,上海
603466,风语筑,上海
600532,宏达矿业,上海
600638,新黄浦,上海
002211,宏达新材,上海
603083,剑桥科技,上海
603159,上海亚虹,上海
600696,ST岩石,上海
600819,耀皮玻璃,上海
002486,嘉麟杰,上海
600882,广泽股份,上海
002178,延华智能,上海
601229,上海银行,上海
002116,中国海诚,上海
002278,神开股份,上海
600653,申华控股,上海
600610,*ST毅达,上海
600688,上海石化,上海
603895,天永智能,上海
600837,海通证券,上海
300226,上海钢联,上海
603987,康德莱,上海
603515,欧普照明,上海
600115,东方航空,上海
603020,爱普股份,上海
300336,新文化,上海
600019,宝钢股份,上海
600848,上海临港,上海
600500,中化国际,上海
600844,丹化科技,上海
600825,新华传媒,上海
600838,上海九百,上海
600647,同达创业,上海
600640,号百控股,上海
600097,开创国际,上海
002346,柘中股份,上海
300508,维宏股份,上海
600654,ST中安,上海
601021,春秋航空,上海
600841,上柴股份,上海
300380,安硕信息,上海
603108,润达医疗,上海
300067,安诺其,上海
600676,交运股份,上海
600171,上海贝岭,上海
600816,安信信托,上海
002565,顺灏股份,上海
002605,姚记扑克,上海
600824,益民集团,上海
300129,泰胜风能,上海
600823,世茂股份,上海
300168,万达信息,上海
600272,开开实业,上海
600611,大众交通,上海
300493,润欣科技,上海
300642,透景生命,上海
600605,汇通能源,上海
002058,威 尔 泰,上海
600626,申达股份,上海
600009,上海机场,上海
600620,天宸股份,上海
601866,中远海发,上海
603232,格尔软件,上海
600639,浦东金桥,上海
603006,联明股份,上海
603128,华贸物流,上海
600094,大名城,上海
600692,亚通股份,上海
300330,华虹计通,上海
603501,韦尔股份,上海
601727,上海电气,上海
600695,绿庭投资,上海
600708,光明地产,上海
600835,上海机电,上海
601968,宝钢包装,上海
002451,摩恩电气,上海
300511,雪榕生物,上海
600834,申通地铁,上海
300462,华铭智能,上海
603790,雅运股份,上海
300469,信息发展,上海
600508,上海能源,上海
600650,锦江投资,上海
300059,东方财富,上海
002252,上海莱士,上海
002568,百润股份,上海
600278,东方创业,上海
600602,云赛智联,上海
603121,华培动力,上海
603690,至纯科技,上海
600680,*ST上普,上海
603022,新通联,上海
603899,晨光文具,上海
002858,力盛赛车,上海
603192,汇得科技,上海
002669,康达新材,上海
600648,外高桥,上海
601616,广电电气,上海
600741,华域汽车,上海
600895,张江高科,上海
300180,华峰超纤,上海
300170,汉得信息,上海
603718,海利生物,上海
600850,华东电脑,上海
603619,中曼石油,上海
600636,三爱富,上海
600634,*ST富控,上海
300551,古鳌科技,上海
600826,兰生股份,上海
600503,华丽家族,上海
600604,市北高新,上海
600622,光大嘉宝,上海
600072,中船科技,上海
600748,上实发展,上海
603329,上海雅仕,上海
600624,复旦复华,上海
300272,开能健康,上海
600661,昂立教育,上海
300074,华平股份,上海
600170,上海建工,上海
600088,中视传媒,上海
600000,浦发银行,上海
002028,思源电气,上海
300286,安科瑞,上海
002162,悦心健康,上海
603012,创力集团,上海
600642,申能股份,上海
600635,大众公用,上海
002401,中远海科,上海
603214,爱婴室,上海
600619,海立股份,上海
600193,*ST创兴,上海
603633,徕木股份,上海
600151,航天机电,上海
300245,天玑科技,上海
603056,德邦股份,上海
300501,海顺新材,上海
603226,菲林格尔,上海
603728,鸣志电器,上海
601519,大智慧,上海
600284,浦东建设,上海
600649,城投控股,上海
600517,置信电气,上海
002636,金安国纪,上海
600420,现代制药,上海
601211,国泰君安,上海
002184,海得控制,上海
600021,上海电力,上海
300627,华测导航,上海
603777,来伊份,上海
603200,上海洗霸,上海
603157,拉夏贝尔,上海
600621,华鑫股份,上海
300126,锐奇股份,上海
600689,上海三毛,上海
603730,岱美股份,上海
603683,晶华新材,上海
603037,凯众股份,上海
600026,中远海能,上海
002527,新时达,上海
603713,密尔克卫,上海
300061,康旗股份,上海
600073,上海梅林,上海
600827,百联股份,上海
600608,ST沪科,上海
600732,ST新梅,上海
600637,东方明珠,上海
600018,上港集团,上海
600150,*ST船舶,上海
600530,交大昂立,上海
300613,富瀚微,上海
002454,松芝股份,上海
300039,上海凯宝,上海
601328,交通银行,上海
600822,上海物贸,上海
603196,日播时尚,上海
603881,数据港,上海
601607,上海医药,上海
600843,上工申贝,上海
600958,东方证券,上海
002750,龙津药业,云南
600239,云南城投,云南
000538,云南白药,云南
002428,云南锗业,云南
600025,华能水电,云南
300142,沃森生物,云南
600883,博闻科技,云南
002053,云南能投,云南
603963,大理药业,云南
600995,文山电力,云南
002727,一心堂,云南
002033,丽江旅游,云南
300505,川金诺,云南
000667,美好置业,云南
000948,南天信息,云南
600725,ST云维,云南
600096,云天化,云南
600422,昆药集团,云南
002812,恩捷股份,云南
002200,云投生态,云南
002059,云南旅游,云南
000560,我爱我家,云南
000807,云铝股份,云南
002265,西仪股份,云南
601099,太平洋,云南
000960,锡业股份,云南
000878,云南铜业,云南
600265,ST景谷,云南
600792,云煤能源,云南
600459,贵研铂业,云南
600497,驰宏锌锗,云南
000903,云内动力,云南
002114,罗平锌电,云南
600111,北方稀土,内蒙
600887,伊利股份,内蒙
002688,金河生物,内蒙
600967,内蒙一机,内蒙
600291,西水股份,内蒙
600010,包钢股份,内蒙
600091,ST明科,内蒙
002128,露天煤业,内蒙
600191,华资实业,内蒙
300239,东宝生物,内蒙
600295,鄂尔多斯,内蒙
300049,福瑞股份,内蒙
600201,生物股份,内蒙
600988,赤峰黄金,内蒙
600863,内蒙华电,内蒙
000975,银泰资源,内蒙
000611,天首发展,内蒙
000780,平庄能源,内蒙
600277,亿利洁能,内蒙
601216,君正集团,内蒙
000683,远兴能源,内蒙
600262,北方股份,内蒙
600328,兰太实业,内蒙
000426,兴业矿业,内蒙
300355,蒙草生态,内蒙
603060,国检集团,北京
600743,华远地产,北京
000725,京东方Ａ,北京
600016,民生银行,北京
601628,中国人寿,北京
601939,建设银行,北京
000970,中科三环,北京
300309,吉艾科技,北京
300661,圣邦股份,北京
002392,北京利尔,北京
600435,北方导航,北京
603127,昭衍新药,北京
300399,京天利,北京
000931,中 关 村,北京
000802,北京文化,北京
601558,ST锐电,北京
300392,腾信股份,北京
600658,电子城,北京
002933,新兴装备,北京
002662,京威股份,北京
603860,中公高科,北京
300612,宣亚国际,北京
600977,中国电影,北京
601588,北辰实业,北京
300223,北京君正,北京
300379,东方通,北京
601319,中国人保,北京
002721,金一文化,北京
600861,北京城乡,北京
601985,中国核电,北京
000666,经纬纺机,北京
002738,中矿资源,北京
601398,工商银行,北京
300352,北信源,北京
002771,真视通,北京
300667,必创科技,北京
002755,东方新星,北京
600962,国投中鲁,北京
002462,嘉事堂,北京
300139,晓程科技,北京
600463,空港股份,北京
300608,思特奇,北京
600657,信达地产,北京
601989,中国重工,北京
600015,华夏银行,北京
300200,高盟新材,北京
601111,中国国航,北京
300593,新雷能,北京
300271,华宇软件,北京
300449,汉邦高科,北京
601669,中国电建,北京
600138,中青旅,北京
601766,中国中车,北京
300418,昆仑万维,北京
300302,同有科技,北京
300674,宇信科技,北京
002405,四维图新,北京
601858,中国科传,北京
601390,中国中铁,北京
300472,新元科技,北京
000786,北新建材,北京
300045,华力创通,北京
002271,东方雨虹,北京
000402,金 融 街,北京
002051,中工国际,北京
300370,安控科技,北京
300579,数字认证,北京
603803,瑞斯康达,北京
000798,中水渔业,北京
300541,先进数通,北京
600560,金自天正,北京
300036,超图软件,北京
300117,嘉寓股份,北京
300332,天壕环境,北京
000996,中国中期,北京
300367,东方网力,北京
600037,歌华有线,北京
300719,安达维尔,北京
601818,光大银行,北京
300485,赛升药业,北京
300003,乐普医疗,北京
300523,辰安科技,北京
601198,东兴证券,北京
603569,长久物流,北京
603825,华扬联众,北京
300282,三盛教育,北京
300456,耐威科技,北京
601992,金隅集团,北京
603871,嘉友国际,北京
000729,燕京啤酒,北京
300073,当升科技,北京
600258,首旅酒店,北京
603000,人民网,北京
002701,奥瑞金,北京
002707,众信旅游,北京
300038,数知科技,北京
600890,中房股份,北京
601016,节能风电,北京
600118,中国卫星,北京
000065,北方国际,北京
002665,首航节能,北京
002780,三夫户外,北京
600764,中国海防,北京
300229,拓尔思,北京
000938,紫光股份,北京
601908,京运通,北京
603970,中农立华,北京
600361,华联综超,北京
601101,昊华能源,北京
002350,北京科锐,北京
002410,广联达,北京
600410,华胜天成,北京
300688,创业黑马,北京
600299,安迪苏,北京
601886,江河集团,北京
603698,航天工程,北京
300157,恒泰艾普,北京
300156,神雾环保,北京
600791,京能置业,北京
000839,中信国安,北京
603138,海量数据,北京
600536,中国软件,北京
002612,朗姿股份,北京
600011,华能国际,北京
000151,中成股份,北京
600313,农发种业,北京
601881,中国银河,北京
300070,碧水源,北京
002504,弘高创意,北京
603778,乾景园林,北京
600166,福田汽车,北京
000959,首钢股份,北京
000882,华联股份,北京
300445,康斯特,北京
002658,雪迪龙,北京
000969,安泰科技,北京
601888,中国国旅,北京
300374,恒通科技,北京
300058,蓝色光标,北京
300048,合康新能,北京
002038,双鹭药业,北京
001965,招商公路,北京
601226,华电重工,北京
002373,千方科技,北京
601068,中铝国际,北京
600723,首商股份,北京
000838,财信发展,北京
600100,同方股份,北京
600372,中航电子,北京
601998,中信银行,北京
300684,中石科技,北京
002371,北方华创,北京
300663,科蓝软件,北京
300477,合纵科技,北京
600270,外运发展,北京
600246,万通地产,北京
600733,北汽蓝谷,北京
603025,大豪科技,北京
300369,绿盟科技,北京
600050,中国联通,北京
600008,首创股份,北京
601857,中国石油,北京
603590,康辰药业,北京
000758,中色股份,北京
300662,科锐国际,北京
603603,博天环境,北京
300542,新晨科技,北京
300383,光环新网,北京
300005,探路者,北京
002153,石基信息,北京
600485,信威集团,北京
600386,北巴传媒,北京
300002,神州泰岳,北京
300455,康拓红外,北京
300287,飞利信,北京
002573,清新环境,北京
300212,易华录,北京
000860,顺鑫农业,北京
600056,中国医药,北京
600198,*ST大唐,北京
603598,引力传媒,北京
300344,太空智造,北京
601949,中国出版,北京
601668,中国建筑,北京
002066,瑞泰科技,北京
600730,中国高科,北京
300552,万集科技,北京
300406,九强生物,北京
300312,邦讯技术,北京
603098,森特股份,北京
601718,际华集团,北京
002151,北斗星通,北京
002642,荣之联,北京
603616,韩建河山,北京
600859,王府井,北京
000008,神州高铁,北京
300736,百邦科技,北京
600240,华业资本,北京
603986,兆易创新,北京
000046,泛海控股,北京
603859,能科股份,北京
600511,国药股份,北京
601088,中国神华,北京
300251,光线传媒,北京
600855,航天长峰,北京
600085,同仁堂,北京
300072,三聚环保,北京
600266,北京城建,北京
002649,博彦科技,北京
300075,数字政通,北京
002599,盛通股份,北京
600058,五矿发展,北京
002739,万达电影,北京
000605,渤海股份,北京
300289,利德曼,北京
300430,诚益通,北京
300365,恒华科技,北京
603588,高能环境,北京
601066,中信建投,北京
300010,立思辰,北京
002878,元隆雅图,北京
300191,潜能恒信,北京
002383,合众思壮,北京
300324,旋极信息,北京
000603,盛达矿业,北京
300513,恒泰实达,北京
000620,新华联,北京
300034,钢研高纳,北京
300011,鼎汉技术,北京
600288,大恒科技,北京
601800,中国交建,北京
300296,利亚德,北京
601186,中国铁建,北京
300213,佳讯飞鸿,北京
601898,中煤能源,北京
002467,二六三,北京
300364,中文在线,北京
600578,京能电力,北京
600159,大龙地产,北京
300065,海兰信,北京
600886,国投电力,北京
601991,大唐发电,北京
300204,舒泰神,北京
601618,中国中冶,北京
600195,中牧股份,北京
600489,中金黄金,北京
600588,用友网络,北京
002362,汉王科技,北京
300055,万邦达,北京
300231,银信科技,北京
600031,三一重工,北京
603818,曲美家居,北京
603123,翠微股份,北京
300496,中科创达,北京
002439,启明星辰,北京
002819,东方中科,北京
300419,浩丰科技,北京
601126,四方股份,北京
300016,北陆药业,北京
300150,世纪瑞尔,北京
300386,飞天诚信,北京
002657,中科金财,北京
600161,天坛生物,北京
002186,全 聚 德,北京
603979,金诚信,北京
603377,东方时尚,北京
603516,淳中科技,北京
600271,航天信息,北京
002713,东易日盛,北京
002310,东方园林,北京
600028,中国石化,北京
300104,乐视网,北京
002065,东华软件,北京
601600,中国铝业,北京
600980,北矿科技,北京
601117,中国化学,北京
300315,掌趣科技,北京
002279,久其软件,北京
002306,*ST云网,北京
600429,三元股份,北京
600206,有研新材,北京
300079,数码科技,北京
603888,新华网,北京
002368,太极股份,北京
300071,华谊嘉信,北京
300465,高伟达,北京
002542,中化岩土,北京
300444,双杰电气,北京
600376,首开股份,北京
600055,万东医疗,北京
300353,东土科技,北京
300166,东方国信,北京
002148,北纬科技,北京
600860,京城股份,北京
600405,动力源,北京
002554,惠博普,北京
000609,中迪投资,北京
600582,天地科技,北京
600900,长江电力,北京
300182,捷成股份,北京
002829,星网宇达,北京
002385,大北农,北京
603903,中持股份,北京
601336,新华保险,北京
601288,农业银行,北京
601988,中国银行,北京
603533,掌阅科技,北京
600871,*ST油服,北京
300318,博晖创新,北京
002893,华通热力,北京
300384,三联虹普,北京
600007,中国国贸,北京
600062,华润双鹤,北京
601169,北京银行,北京
300291,华录百纳,北京
300431,暴风集团,北京
000661,长春高新,吉林
600333,长春燃气,吉林
300108,吉药控股,吉林
300396,迪瑞医疗,吉林
000800,一汽轿车,吉林
601929,吉视传媒,吉林
000766,通化金马,吉林
601518,吉林高速,吉林
002566,益盛药业,吉林
000928,中钢国际,吉林
300510,金冠股份,吉林
002501,利源精制,吉林
002232,启明信息,吉林
603099,长白山,吉林
600148,长春一东,吉林
000546,金圆股份,吉林
600110,诺德股份,吉林
000718,苏宁环球,吉林
600697,欧亚集团,吉林
002622,融钰集团,吉林
600189,吉林森工,吉林
600360,华微电子,吉林
600867,通化东宝,吉林
000875,吉电股份,吉林
000669,金鸿控股,吉林
000686,东北证券,吉林
000030,富奥股份,吉林
600856,中天能源,吉林
002118,紫鑫药业,吉林
600247,*ST成城,吉林
600742,一汽富维,吉林
600215,长春经开,吉林
000545,金浦钛业,吉林
002338,奥普光电,吉林
300597,吉大通信,吉林
603559,中通国脉,吉林
600365,通葡股份,吉林
000420,吉林化纤,吉林
600881,亚泰集团,吉林
000623,吉林敖东,吉林
000631,顺发恒业,吉林
002466,天齐锂业,四川
600505,西昌电力,四川
603333,尚纬股份,四川
000935,四川双马,四川
000628,高新发展,四川
600331,宏达股份,四川
002258,利尔化学,四川
002312,三泰控股,四川
002539,云图控股,四川
600109,国金证券,四川
300414,中光防雷,四川
000876,新 希 望,四川
603809,豪能股份,四川
300559,佳发教育,四川
002259,ST升达,四川
600353,旭光股份,四川
002143,印纪传媒,四川
000693,*ST华泽,四川
002798,帝欧家居,四川
600779,水井坊,四川
300127,银河磁体,四川
002357,富临运业,四川
600101,明星电力,四川
002697,红旗连锁,四川
002253,川大智胜,四川
002497,雅化集团,四川
600039,四川路桥,四川
000629,攀钢钒钛,四川
002190,成飞集成,四川
002386,天原集团,四川
300434,金石东方,四川
000858,五 粮 液,四川
300678,中科信息,四川
300733,西菱动力,四川
300467,迅游科技,四川
002777,久远银海,四川
603477,振静股份,四川
000710,贝瑞基因,四川
300535,达威股份,四川
002246,北化股份,四川
600880,博瑞传播,四川
002651,利君股份,四川
600793,宜宾纸业,四川
000509,华塑控股,四川
002480,新筑股份,四川
000598,兴蓉环境,四川
600839,四川长虹,四川
600321,*ST正源,四川
600875,东方电气,四川
300362,天翔环境,四川
002935,天奥电子,四川
600137,浪莎股份,四川
601838,成都银行,四川
300502,新易盛,四川
300440,运达科技,四川
600093,易见股份,四川
000568,泸州老窖,四川
600438,通威股份,四川
000835,长城动漫,四川
002630,华西能源,四川
002818,富森美,四川
600378,天科股份,四川
601107,四川成渝,四川
002272,川润股份,四川
600391,航发科技,四川
300470,日机密封,四川
300425,环能科技,四川
600139,西部资源,四川
300092,科新机电,四川
300019,硅宝科技,四川
300366,创意信息,四川
002422,科伦药业,四川
000801,四川九洲,四川
002926,华西证券,四川
600558,大西洋,四川
600644,乐山电力,四川
300696,爱乐达,四川
000757,浩物股份,四川
601811,新华文轩,四川
000593,大通燃气,四川
002268,卫 士 通,四川
600466,蓝光发展,四川
000888,峨眉山Ａ,四川
000912,*ST天化,四川
002773,康弘药业,四川
300471,厚普股份,四川
002023,海特高新,四川
300492,山鼎设计,四川
300463,迈克生物,四川
603027,千禾味业,四川
300540,深冷股份,四川
600674,川投能源,四川
002628,成都路桥,四川
300101,振芯科技,四川
603077,和邦生物,四川
300432,富临精工,四川
000790,泰合健康,四川
600828,茂业商业,四川
000510,金路集团,四川
300547,川环科技,四川
002749,国光股份,四川
002366,台海核电,四川
600131,岷江水电,四川
300028,金亚科技,四川
600678,四川金顶,四川
000803,金宇车城,四川
000586,汇源通信,四川
600979,广安爱众,四川
600702,舍得酒业,四川
603679,华体科技,四川
300022,吉峰科技,四川
601208,东材科技,四川
000155,川能动力,四川
000731,四川美丰,四川
300249,依米康,四川
600804,鹏博士,四川
000810,创维数字,四川
600603,广汇物流,四川
600528,中铁工业,四川
300504,天邑股份,四川
600488,天药股份,天津
002432,九安医疗,天津
600158,中体产业,天津
300119,瑞普生物,天津
600751,海航科技,天津
300120,经纬辉开,天津
600468,百利电气,天津
603096,新经典,天津
600717,天津港,天津
603019,中科曙光,天津
300334,津膜科技,天津
002820,桂发祥,天津
000836,富通鑫茂,天津
000965,天保基建,天津
600329,中新药业,天津
300195,长荣股份,天津
600082,海泰发展,天津
000897,津滨发展,天津
600787,中储股份,天津
300596,利安隆,天津
601919,中远海控,天津
000652,泰达股份,天津
603969,银龙股份,天津
600322,天房发展,天津
600800,天津磁卡,天津
603712,七一二,天津
600874,创业环保,天津
300407,凯发电气,天津
600821,津劝业,天津
002129,中环股份,天津
603126,中材节能,天津
002134,天津普林,天津
000695,滨海能源,天津
002393,力生制药,天津
300375,鹏翎股份,天津
002337,赛象科技,天津
600645,中源协和,天津
000537,广宇发展,天津
600535,天士力,天津
300026,红日药业,天津
002887,绿茵生态,天津
002821,凯莱英,天津
600583,海油工程,天津
000927,一汽夏利,天津
601808,中海油服,天津
600335,国机汽车,天津
603727,博迈科,天津
002510,天汽模,天津
603106,恒银金融,天津
600225,天津松江,天津
000815,美利云,宁夏
600449,宁夏建材,宁夏
000962,东方钽业,宁夏
600165,新日恒力,宁夏
000862,银星能源,宁夏
000595,宝塔实业,宁夏
601619,嘉泽新能,宁夏
002457,青龙管业,宁夏
000635,英 力 特,宁夏
600785,新华百货,宁夏
000982,*ST 中绒,宁夏
600146,商赢环球,宁夏
000557,西部创业,宁夏
002571,德力股份,安徽
600418,江淮汽车,安徽
000868,安凯客车,安徽
601801,皖新传媒,安徽
000859,国风塑业,安徽
600470,六国化工,安徽
300388,国祯环保,安徽
600808,马钢股份,安徽
600567,山鹰纸业,安徽
300090,盛运环保,安徽
300218,安利股份,安徽
600063,皖维高新,安徽
002042,华孚时尚,安徽
600761,安徽合力,安徽
002298,中电兴发,安徽
603308,应流股份,安徽
600985,淮北矿业,安徽
601606,长城军工,安徽
600199,金种子酒,安徽
600577,精达股份,安徽
600909,华安证券,安徽
603199,九华旅游,安徽
600237,铜峰电子,安徽
603357,设计总院,安徽
600575,皖江物流,安徽
300577,开润股份,安徽
600318,新力金融,安徽
300009,安科生物,安徽
000543,皖能电力,安徽
002361,神剑股份,安徽
600551,时代出版,安徽
002057,中钢天源,安徽
600218,全柴动力,安徽
600502,安徽水利,安徽
300692,中环环保,安徽
600971,恒源煤电,安徽
002171,楚江新材,安徽
600054,黄山旅游,安徽
300088,长信科技,安徽
300452,山河药辅,安徽
002147,ST新光,安徽
600496,精工钢构,安徽
002208,合肥城建,安徽
002743,富煌钢构,安徽
000850,华茂股份,安徽
300274,阳光电源,安徽
601918,新集能源,安徽
002597,金禾实业,安徽
002760,凤形股份,安徽
600375,华菱星马,安徽
603031,安德利,安徽
000153,丰原药业,安徽
603599,广信股份,安徽
300595,欧普康视,安徽
002018,*ST华信,安徽
002230,科大讯飞,安徽
000930,中粮生化,安徽
600255,梦舟股份,安徽
600012,皖通高速,安徽
002557,洽洽食品,安徽
603527,众源新材,安徽
000619,海螺型材,安徽
002331,皖通科技,安徽
000596,古井贡酒,安徽
002136,安 纳 达,安徽
603356,华菱精工,安徽
603596,伯特利,安徽
002140,东华科技,安徽
603011,合锻智能,安徽
603589,口子窖,安徽
300475,聚隆科技,安徽
300247,乐金健康,安徽
300087,荃银高科,安徽
603801,志邦家居,安徽
002226,江南化工,安徽
600444,国机通用,安徽
000713,丰乐种业,安徽
000630,铜陵有色,安徽
603689,皖天然气,安徽
000980,众泰汽车,安徽
603656,泰禾光电,安徽
603768,常青股份,安徽
603429,集友股份,安徽
600552,凯盛科技,安徽
002541,鸿路钢构,安徽
600983,惠而浦,安徽
002556,辉隆股份,安徽
000521,长虹美菱,安徽
000728,国元证券,安徽
000887,中鼎股份,安徽
600990,四创电子,安徽
002347,泰尔股份,安徽
002555,三七互娱,安徽
002014,永新股份,安徽
002607,亚夏汽车,安徽
002817,黄山胶囊,安徽
002538,司尔特,安徽
002690,美亚光电,安徽
600585,海螺水泥,安徽
600520,文一科技,安徽
300520,科大国创,安徽
603198,迎驾贡酒,安徽
000417,合肥百货,安徽
600229,城市传媒,山东
300659,中孚信息,山东
300443,金雷风电,山东
600426,华鲁恒升,山东
600308,华泰股份,山东
600586,金晶科技,山东
002604,*ST龙力,山东
300285,国瓷材料,山东
002485,希努尔,山东
002111,威海广泰,山东
002374,丽鹏股份,山东
000915,山大华特,山东
600858,银座股份,山东
002545,东方铁塔,山东
300654,世纪天鸿,山东
002242,九阳股份,山东
300308,中际旭创,山东
000951,中国重汽,山东
600727,鲁北化工,山东
600385,山东金泰,山东
600017,日照港,山东
300569,天能重工,山东
603029,天鹅股份,山东
002083,孚日股份,山东
603021,山东华鹏,山东
000338,潍柴动力,山东
300214,日科化学,山东
002476,宝莫股份,山东
600756,浪潮软件,山东
603113,金能科技,山东
601019,山东出版,山东
600180,瑞茂通,山东
300343,联创互联,山东
600735,新华锦,山东
601966,玲珑轮胎,山东
600223,鲁商置业,山东
000957,中通客车,山东
002580,圣阳股份,山东
002671,龙泉股份,山东
603856,东宏股份,山东
000599,青岛双星,山东
600783,鲁信创投,山东
002086,东方海洋,山东
300183,东软载波,山东
000720,*ST新能,山东
600807,*ST天业,山东
600547,山东黄金,山东
600188,兖州煤业,山东
000869,张 裕Ａ,山东
002073,软控股份,山东
600309,万华化学,山东
000682,东方电子,山东
300121,阳谷华泰,山东
002890,弘宇股份,山东
002363,隆基机械,山东
002107,沃华医药,山东
603086,先达股份,山东
603798,康普顿,山东
603858,步长制药,山东
000830,鲁西化工,山东
002726,龙大肉食,山东
002254,泰和新材,山东
300237,美晨生态,山东
002237,恒邦股份,山东
002041,登海种业,山东
300208,恒顺众昇,山东
600789,鲁抗医药,山东
300099,精准信息,山东
002589,瑞康医药,山东
601366,利群股份,山东
002470,金正大,山东
603639,海利尔,山东
600986,科达股份,山东
603586,金麒麟,山东
000726,鲁 泰Ａ,山东
002379,宏创控股,山东
603187,海容冷链,山东
600350,山东高速,山东
601058,赛轮轮胎,山东
600784,鲁银投资,山东
600467,好当家,山东
002490,山东墨龙,山东
002899,英派斯,山东
300479,神思电子,山东
603167,渤海轮渡,山东
002088,鲁阳节能,山东
002270,华明装备,山东
600219,南山铝业,山东
600766,园城黄金,山东
600027,华电国际,山东
300699,光威复材,山东
002241,歌尔股份,山东
002286,保龄宝,山东
000423,东阿阿胶,山东
603536,惠发股份,山东
300110,华仁药业,山东
600076,康欣新材,山东
600960,渤海汽车,山东
600336,澳柯玛,山东
002643,万润股份,山东
002588,史丹利,山东
000811,冰轮环境,山东
300653,正海生物,山东
000554,泰山石油,山东
002408,齐翔腾达,山东
002078,太阳纸业,山东
002376,新北洋,山东
603577,汇金通,山东
002469,三维工程,山东
600898,国美通讯,山东
002248,华东数控,山东
002891,中宠股份,山东
000506,中润资源,山东
300105,龙源技术,山东
002283,天润曲轴,山东
600319,亚星化学,山东
603612,索通发展,山东
600600,青岛啤酒,山东
000407,胜利股份,山东
603223,恒通股份,山东
300001,特锐德,山东
300677,英科医疗,山东
000498,山东路桥,山东
603421,鼎信通讯,山东
002537,海联金汇,山东
002655,共达电声,山东
002072,凯瑞德,山东
000822,山东海化,山东
000677,恒天海龙,山东
002921,联诚精密,山东
600212,江泉实业,山东
600529,山东药玻,山东
600060,海信电器,山东
603779,威龙股份,山东
000655,*ST金岭,山东
002675,东诚药业,山东
600579,天华院,山东
300321,同大股份,山东
300233,金城医药,山东
300690,双一科技,山东
000880,潍柴重机,山东
002805,丰元股份,山东
002746,仙坛股份,山东
300423,鲁亿通,山东
000680,山推股份,山东
000977,浪潮信息,山东
002382,蓝帆医疗,山东
300175,朗源股份,山东
000409,*ST地矿,山东
000756,新华制药,山东
600760,中航沈飞,山东
600448,华纺股份,山东
002353,杰瑞股份,山东
603278,大业股份,山东
601678,滨化股份,山东
300243,瑞丰高材,山东
002481,双塔食品,山东
603708,家家悦,山东
002339,积成电子,山东
300583,赛托生物,山东
002026,山东威达,山东
002521,齐峰新材,山东
603638,艾迪精密,山东
002838,道恩股份,山东
002117,东港股份,山东
000416,民生控股,山东
002355,兴民智通,山东
002581,未名医药,山东
603026,石大胜华,山东
300391,康跃科技,山东
600777,新潮能源,山东
002498,汉缆股份,山东
300185,通裕重工,山东
002768,国恩股份,山东
600587,新华医疗,山东
603367,辰欣药业,山东
002458,益生股份,山东
002217,合力泰,山东
000617,中油资本,山东
600966,博汇纸业,山东
002871,伟隆股份,山东
600690,青岛海尔,山东
300224,正海磁材,山东
002193,如意集团,山东
002948,青岛银行,山东
002234,民和股份,山东
000488,晨鸣纸业,山东
601163,三角轮胎,山东
002810,山东赫达,山东
000639,西王食品,山东
002595,豪迈科技,山东
002094,青岛金王,山东
002330,得利斯,山东
002598,山东章鼓,山东
002526,山东矿机,山东
600022,山东钢铁,山东
000831,五矿稀土,山西
600351,亚宝药业,山西
000983,西山煤电,山西
600740,山西焦化,山西
000723,美锦能源,山西
300158,振东制药,山西
600495,晋西车轴,山西
601699,潞安环能,山西
600281,太化股份,山西
002500,山西证券,山西
300486,东杰智能,山西
600546,山煤国际,山西
600408,*ST安泰,山西
600169,太原重工,山西
002640,跨境通,山西
000737,*ST南风,山西
000673,当代东方,山西
600234,ST山水,山西
300254,仟源医药,山西
600348,阳泉煤业,山西
601006,大秦铁路,山西
000403,振兴生化,山西
600691,阳煤化工,山西
000755,山西路桥,山西
000767,漳泽电力,山西
600157,永泰能源,山西
600539,*ST狮头,山西
000825,太钢不锈,山西
000968,蓝焰控股,山西
002753,永东股份,山西
600392,盛和资源,山西
600617,国新能源,山西
600123,兰花科创,山西
600809,山西汾酒,山西
000795,英洛华,山西
600780,通宝能源,山西
002360,同德化工,山西
601001,大同煤业,山西
002656,摩登大道,广东
300562,乐心医疗,广东
002670,国盛金控,广东
000533,万 家 乐,广东
600866,星湖科技,广东
600332,白云山,广东
002288,超华科技,广东
600728,佳都科技,广东
002888,惠威科技,广东
002853,皮阿诺,广东
603002,宏昌电子,广东
000893,*ST东凌,广东
002666,德联集团,广东
603936,博敏电子,广东
002676,顺威股份,广东
603833,欧派家居,广东
002317,众生药业,广东
300619,金银河,广东
300310,宜通世纪,广东
600868,梅雁吉祥,广东
002918,蒙娜丽莎,广东
300482,万孚生物,广东
002732,燕塘乳业,广东
002076,雪 莱 特,广东
600242,中昌数据,广东
300004,南风股份,广东
002035,华帝股份,广东
002757,南兴装备,广东
600684,珠江实业,广东
300639,凯普生物,广东
600143,金发科技,广东
002759,天际股份,广东
002005,德豪润达,广东
300404,博济医药,广东
002101,广东鸿图,广东
300014,亿纬锂能,广东
600872,中炬高新,广东
603038,华立股份,广东
002709,天赐材料,广东
002774,快意电梯,广东
300464,星徽精密,广东
600685,中船防务,广东
002776,柏堡龙,广东
002572,索菲亚,广东
002715,登云股份,广东
002668,奥马电器,广东
300340,科恒股份,广东
002846,英联股份,广东
603268,松发股份,广东
002433,太安堂,广东
002212,南洋股份,广东
300586,美联新材,广东
002311,海大集团,广东
002611,东方精工,广东
300415,伊之密,广东
300599,雄塑科技,广东
300625,三雄极光,广东
300410,正业科技,广东
002260,*ST德奥,广东
002495,佳隆股份,广东
000507,珠海港,广东
000637,茂化实华,广东
002292,奥飞娱乐,广东
002745,木林森,广东
300089,文化长城,广东
002348,高乐股份,广东
002031,巨轮智能,广东
002930,宏川智慧,广东
600048,保利地产,广东
000524,岭南控股,广东
300221,银禧科技,广东
002584,西陇科学,广东
300738,奥飞数据,广东
000782,美达股份,广东
300146,汤臣倍健,广东
300376,易事特,广东
300711,广哈通信,广东
002909,集泰股份,广东
300093,金刚玻璃,广东
603335,迪生力,广东
002723,金莱特,广东
601228,广州港,广东
000659,珠海中富,广东
000828,东莞控股,广东
002663,普邦股份,广东
300043,星辉娱乐,广东
300687,赛意信息,广东
300053,欧比特,广东
300322,硕贝德,广东
000573,粤宏远Ａ,广东
000100,TCL 集团,广东
300238,冠昊生物,广东
300561,汇金科技,广东
000502,绿景控股,广东
002345,潮宏基,广东
002806,华锋股份,广东
603797,联泰环保,广东
603838,四通股份,广东
002295,精艺股份,广东
300417,南华仪器,广东
002511,中顺洁柔,广东
002902,铭普光磁,广东
300311,任子行,广东
002177,御银股份,广东
300050,世纪鼎利,广东
000861,海印股份,广东
300589,江龙船艇,广东
000776,广发证券,广东
300094,国联水产,广东
000973,佛塑科技,广东
002291,星期六,广东
002030,达安基因,广东
603882,金域医学,广东
002017,东信和平,广东
600518,康美药业,广东
600004,白云机场,广东
600029,南方航空,广东
300424,航新科技,广东
000429,粤高速Ａ,广东
600673,东阳光科,广东
300403,地尔汉宇,广东
002906,华阳集团,广东
300381,溢多利,广东
002791,坚朗五金,广东
002684,猛狮科技,广东
300606,金太阳,广东
300246,宝莱特,广东
300749,顶固集创,广东
300503,昊志机电,广东
002431,棕榈股份,广东
603535,嘉诚国际,广东
002841,视源股份,广东
300409,道氏技术,广东
300173,智慧松德,广东
300735,光弘科技,广东
600589,广东榕泰,广东
002400,省广集团,广东
002905,金逸影视,广东
603861,白云电器,广东
603725,天安新材,广东
002209,达 意 隆,广东
300616,尚品宅配,广东
002420,毅昌股份,广东
002027,分众传媒,广东
300155,安居宝,广东
000823,超声电子,广东
300143,星普医科,广东
002543,万和电气,广东
000636,风华高科,广东
600185,格力地产,广东
603233,大参林,广东
002152,广电运通,广东
300723,一品红,广东
002425,凯撒文化,广东
000717,韶钢松山,广东
002792,通宇通讯,广东
000987,越秀金控,广东
002503,搜于特,广东
002832,比音勒芬,广东
000651,格力电器,广东
002449,国星光电,广东
002923,润都股份,广东
603920,世运电路,广东
002169,智光电气,广东
000921,海信家电,广东
603336,宏辉果蔬,广东
600433,冠豪高新,广东
300149,量子生物,广东
300328,宜安科技,广东
300591,万里马,广东
002502,骅威文化,广东
002461,珠江啤酒,广东
300629,新劲刚,广东
002387,维信诺,广东
002492,恒基达鑫,广东
002192,融捷股份,广东
300147,香雪制药,广东
002167,东方锆业,广东
002441,众业达,广东
601238,广汽集团,广东
601515,东风股份,广东
000534,万泽股份,广东
600499,科达洁能,广东
000690,宝新能源,广东
300691,联合光电,广东
002141,贤丰控股,广东
603608,天创时尚,广东
300607,拓斯达,广东
002862,实丰文化,广东
002638,勤上股份,广东
300030,阳普医疗,广东
000685,中山公用,广东
002919,名臣健康,广东
300737,科顺股份,广东
600978,宜华生活,广东
600393,粤泰股份,广东
300219,鸿利智汇,广东
002600,领益智造,广东
300083,劲胜智能,广东
002824,和胜股份,广东
000576,广东甘化,广东
603043,广州酒家,广东
002181,粤 传 媒,广东
300620,光库科技,广东
603322,超讯通信,广东
000532,华金资本,广东
603813,原尚股份,广东
002920,德赛西威,广东
002678,珠江钢琴,广东
300681,英搏尔,广东
300529,健帆生物,广东
300448,浩云科技,广东
002762,金发拉比,广东
300057,万顺股份,广东
002233,塔牌集团,广东
300720,海川智能,广东
603398,邦宝益智,广东
300438,鹏辉能源,广东
603328,依顿电子,广东
002063,远光软件,广东
000523,广州浪奇,广东
002446,盛路通信,广东
002855,捷荣技术,广东
300526,中潜股份,广东
300498,温氏股份,广东
300176,鸿特科技,广东
300635,达安股份,广东
000539,粤电力Ａ,广东
002180,纳思达,广东
002249,大洋电机,广东
000531,穗恒运Ａ,广东
300335,迪森股份,广东
000601,韶能股份,广东
000712,锦龙股份,广东
603898,好莱客,广东
002870,香山股份,广东
600323,瀚蓝环境,广东
002741,光华科技,广东
002544,杰赛科技,广东
002728,特一药业,广东
002672,东江环保,广东
002616,长青集团,广东
002683,宏大爆破,广东
300297,蓝盾股份,广东
002898,赛隆药业,广东
300460,惠伦晶体,广东
300408,三环集团,广东
300063,天龙集团,广东
000333,美的集团,广东
002060,粤 水 电,广东
300098,高新兴,广东
601900,南方传媒,广东
002922,伊戈尔,广东
000150,宜华健康,广东
000529,广弘控股,广东
300273,和佳股份,广东
603630,拉芳家化,广东
603848,好太太,广东
000513,丽珠集团,广东
002187,广百股份,广东
002705,新宝股份,广东
002711,欧浦智网,广东
300177,中海达,广东
002054,德美化工,广东
600325,华发股份,广东
002809,红墙股份,广东
002717,岭南股份,广东
002833,弘亚数控,广东
600183,生益科技,广东
300359,全通教育,广东
002465,海格通信,广东
002908,德生科技,广东
002016,世荣兆业,广东
300530,达志科技,广东
300458,全志科技,广东
603348,文灿股份,广东
300476,胜宏科技,广东
603386,广东骏亚,广东
002884,凌霄泵业,广东
000541,佛山照明,广东
603288,海天味业,广东
300521,爱司凯,广东
600428,中远海特,广东
300499,高澜股份,广东
002084,海鸥住工,广东
600382,广东明珠,广东
002045,国光电器,广东
300242,佳云科技,广东
002579,中京电子,广东
603309,维力医疗,广东
002842,翔鹭钨业,广东
300716,国立科技,广东
002836,新宏泽,广东
002575,群兴玩具,广东
600894,广日股份,广东
002319,乐通股份,广东
002198,嘉应制药,广东
002308,威创股份,广东
000976,华铁股份,广东
600098,广州发展,广东
300281,金明精机,广东
002240,威华股份,广东
002911,佛燃股份,广东
000750,国海证券,广西
002929,润建通信,广西
002275,桂林三金,广西
603166,福达股份,广西
000806,银河生物,广西
600252,中恒集团,广西
601368,绿城水务,广西
600936,广西广电,广西
000978,桂林旅游,广西
002166,莱茵生物,广西
000953,ST河化,广西
600538,国发股份,广西
300422,博世科,广西
600249,两面针,广西
002696,百洋股份,广西
000703,恒逸石化,广西
000528,柳 工,广西
600301,ST南化,广西
601996,丰林集团,广西
000608,阳光股份,广西
600368,五洲交通,广西
000662,天夏智慧,广西
002592,八菱科技,广西
600236,桂冠电力,广西
000716,黑芝麻,广西
601003,柳钢股份,广西
600556,ST慧球,广西
002175,东方网络,广西
000582,北部湾港,广西
600310,桂东电力,广西
002329,皇氏集团,广西
603368,柳药股份,广西
600423,*ST柳化,广西
000833,粤桂股份,广西
000911,南宁糖业,广西
603869,新智认知,广西
600712,南宁百货,广西
600509,天富能源,新疆
002092,中泰化学,新疆
600359,新农开发,新疆
002719,麦趣尔,新疆
300588,熙菱信息,新疆
000159,国际实业,新疆
000972,ST中基,新疆
000813,德展健康,新疆
600089,特变电工,新疆
000415,渤海租赁,新疆
603080,新疆火炬,新疆
000633,合金投资,新疆
600419,天润乳业,新疆
002307,北新路桥,新疆
603227,雪峰科技,新疆
600721,百花村,新疆
600251,冠农股份,新疆
002700,新疆浩源,新疆
600425,青松建化,新疆
300603,立昂技术,新疆
000166,申万宏源,新疆
600778,*ST友好,新疆
002941,新疆交建,新疆
600581,八一钢铁,新疆
000877,天山股份,新疆
600337,美克家居,新疆
002828,贝肯能源,新疆
603393,新天然气,新疆
601069,西部黄金,新疆
600339,中油工程,新疆
002205,国统股份,新疆
600737,中粮糖业,新疆
600075,新疆天业,新疆
600145,*ST新亿,新疆
603032,德新交运,新疆
603101,汇嘉时代,新疆
600888,新疆众和,新疆
603706,东方环宇,新疆
300106,西部牧业,新疆
600506,香梨股份,新疆
002202,金风科技,新疆
002302,西部建设,新疆
002207,ST准油,新疆
600197,伊力特,新疆
600084,中葡股份,新疆
002100,天康生物,新疆
002524,光正集团,新疆
600545,卓郎智能,新疆
600090,同济堂,新疆
002800,天顺股份,新疆
600540,新赛股份,新疆
600256,广汇能源,新疆
300159,新研股份,新疆
300313,天山生物,新疆
002417,深南股份,江苏
300641,正丹股份,江苏
002491,通鼎互联,江苏
600287,江苏舜天,江苏
300394,天孚通信,江苏
300447,全信股份,江苏
002290,中科新材,江苏
601860,紫金银行,江苏
600401,*ST海润,江苏
002471,中超控股,江苏
603188,亚邦股份,江苏
603185,上机数控,江苏
603161,科华控股,江苏
300390,天华超净,江苏
002464,众应互联,江苏
300450,先导智能,江苏
600736,苏州高新,江苏
300600,瑞特股份,江苏
002384,东山精密,江苏
300337,银邦股份,江苏
603066,音飞储存,江苏
002692,睿康股份,江苏
600105,永鼎股份,江苏
600901,江苏租赁,江苏
603326,我乐家居,江苏
300563,神宇股份,江苏
300742,越博动力,江苏
601555,东吴证券,江苏
300141,和顺电气,江苏
300029,天龙光电,江苏
603800,道森股份,江苏
600981,汇鸿集团,江苏
603389,亚振家居,江苏
300680,隆盛科技,江苏
300265,通光线缆,江苏
603416,信捷电气,江苏
600250,南纺股份,江苏
002546,新联电子,江苏
300346,南大光电,江苏
603880,南卫股份,江苏
000936,华西股份,江苏
601990,南京证券,江苏
300617,安靠智电,江苏
300013,新宁物流,江苏
002091,江苏国泰,江苏
603486,科沃斯,江苏
000570,苏常柴Ａ,江苏
300584,海辰药业,江苏
002079,苏州固锝,江苏
300325,德威新材,江苏
002453,华软科技,江苏
002635,安洁科技,江苏
600280,中央商场,江苏
603133,碳元科技,江苏
603929,亚翔集成,江苏
002787,华源控股,江苏
002315,焦点科技,江苏
603906,龙蟠科技,江苏
300644,南京聚隆,江苏
600527,江南高纤,江苏
603299,井神股份,江苏
603666,亿嘉和,江苏
300228,富瑞特装,江苏
300585,奥联电子,江苏
603518,维格娜丝,江苏
000626,远大控股,江苏
002426,胜利精密,江苏
002182,云海金属,江苏
600358,国旅联合,江苏
603355,莱克电气,江苏
300373,扬杰科技,江苏
300342,天银机电,江苏
002239,奥特佳,江苏
603358,华达科技,江苏
603958,哈森股份,江苏
300295,三六五网,江苏
300660,江苏雷利,江苏
002530,金财互联,江苏
600667,太极实业,江苏
300618,寒锐钴业,江苏
600533,栖霞建设,江苏
603776,永安行,江苏
002089,新 海 宜,江苏
002165,红 宝 丽,江苏
300682,朗新科技,江苏
603890,春秋电子,江苏
603136,天目湖,江苏
300598,诚迈科技,江苏
002409,雅克科技,江苏
000961,中南建设,江苏
603269,海鸥股份,江苏
600770,综艺股份,江苏
000700,模塑科技,江苏
601688,华泰证券,江苏
603655,朗博科技,江苏
300549,优德精密,江苏
002559,亚威股份,江苏
002075,沙钢股份,江苏
603078,江化微,江苏
603988,中电电机,江苏
603878,武进不锈,江苏
600584,长电科技,江苏
002623,亚玛顿,江苏
002127,南极电商,江苏
002778,高科石化,江苏
300623,捷捷微电,江苏
600064,南京高科,江苏
300211,亿通科技,江苏
300420,五洋停车,江苏
002722,金轮股份,江苏
002576,通达动力,江苏
002380,科远股份,江苏
002104,恒宝股份,江苏
603380,易德龙,江苏
002484,江海股份,江苏
603528,多伦科技,江苏
002463,沪电股份,江苏
603017,中衡设计,江苏
601218,吉鑫科技,江苏
603339,四方科技,江苏
300305,裕兴股份,江苏
300555,路通视信,江苏
000584,哈工智能,江苏
002333,罗普斯金,江苏
300354,东华测试,江苏
300320,海达股份,江苏
603488,展鹏科技,江苏
002255,海陆重工,江苏
603912,佳力图,江苏
603117,万林股份,江苏
002395,双象股份,江苏
600959,江苏有线,江苏
002708,光洋股份,江苏
603035,常熟汽饰,江苏
300135,宝利国际,江苏
300507,苏奥传感,江苏
300402,宝色股份,江苏
002077,大港股份,江苏
002201,九鼎新材,江苏
300393,中来股份,江苏
002156,通富微电,江苏
300610,晨化股份,江苏
002839,张家港行,江苏
600268,国电南自,江苏
603286,日盈电子,江苏
603283,赛腾股份,江苏
300709,精研科技,江苏
300522,世名科技,江苏
300708,聚灿光电,江苏
300292,吴通控股,江苏
603036,如通股份,江苏
603090,宏盛股份,江苏
300304,云意电气,江苏
002645,华宏科技,江苏
603787,新日股份,江苏
300670,大烨智能,江苏
300331,苏大维格,江苏
603387,基蛋生物,江苏
300031,宝通科技,江苏
300196,长海股份,江苏
002367,康力电梯,江苏
603937,丽岛新材,江苏
300165,天瑞仪器,江苏
603722,阿科力,江苏
002519,银河电子,江苏
600128,弘业股份,江苏
002044,美年健康,江苏
603829,洛凯股份,江苏
000681,视觉中国,江苏
600327,大东方,江苏
603111,康尼机电,江苏
002877,智能自控,江苏
300554,三超新材,江苏
300421,力星股份,江苏
300160,秀强股份,江苏
600854,春兰股份,江苏
601599,鹿港文化,江苏
002245,澳洋顺昌,江苏
300655,晶瑞股份,江苏
002160,常铝股份,江苏
002450,康得新,江苏
600200,江苏吴中,江苏
603626,科森科技,江苏
300215,电科院,江苏
600889,南京化纤,江苏
603900,莱绅通灵,江苏
603968,醋化股份,江苏
300697,电工合金,江苏
300751,迈为股份,江苏
603660,苏州科达,江苏
600099,林海股份,江苏
603016,新宏泰,江苏
002652,扬子新材,江苏
002807,江阴银行,江苏
300284,苏交科,江苏
603916,苏博特,江苏
300537,广信材料,江苏
603366,日出东方,江苏
002553,南方轴承,江苏
300580,贝斯特,江苏
300152,科融环境,江苏
603629,利通电子,江苏
002610,爱康科技,江苏
600522,中天科技,江苏
000890,法 尔 胜,江苏
300717,华信新材,江苏
002172,澳洋健康,江苏
000418,小天鹅Ａ,江苏
002734,利民股份,江苏
002531,天顺风能,江苏
600370,三房巷,江苏
300466,赛摩电气,江苏
600122,宏图高科,江苏
601028,玉龙股份,江苏
603018,中设集团,江苏
601010,文峰股份,江苏
300694,蠡湖股份,江苏
300217,东方电热,江苏
600862,中航高科,江苏
002808,恒久科技,江苏
603966,法兰泰克,江苏
000421,南京公用,江苏
603688,石英股份,江苏
601222,林洋能源,江苏
002685,华东重机,江苏
002080,中材科技,江苏
300495,美尚生态,江苏
300500,启迪设计,江苏
600513,联环药业,江苏
300240,飞力达,江苏
603323,吴江银行,江苏
603259,药明康德,江苏
600305,恒顺醋业,江苏
300356,光一科技,江苏
601007,金陵饭店,江苏
002499,科林环保,江苏
600794,保税科技,江苏
600908,无锡银行,江苏
002540,亚太科技,江苏
002435,长江润发,江苏
600486,扬农化工,江苏
603183,建研院,江苏
603828,柯利达,江苏
002274,华昌化工,江苏
601100,恒立液压,江苏
600501,航天晨光,江苏
600475,华光股份,江苏
600970,中材国际,江苏
002483,润邦股份,江苏
600400,红豆股份,江苏
002802,洪汇新材,江苏
603928,兴业股份,江苏
300631,久吾高科,江苏
601799,星宇股份,江苏
000525,红 太 阳,江苏
002071,长城影视,江苏
300258,精锻科技,江苏
300209,天泽信息,江苏
002513,蓝丰生化,江苏
000777,中核科技,江苏
000518,四环生物,江苏
002659,凯文教育,江苏
601952,苏垦农发,江苏
002391,长青股份,江苏
603707,健友股份,江苏
002550,千红制药,江苏
300385,雪浪环境,江苏
603359,东珠生态,江苏
000551,创元科技,江苏
603699,纽威股份,江苏
000816,*ST慧业,江苏
000581,威孚高科,江苏
002455,百川股份,江苏
600074,*ST保千,江苏
002293,罗莱生活,江苏
002413,雷科防务,江苏
603810,丰山集团,江苏
002221,东华能源,江苏
300169,天晟新材,江苏
300416,苏试试验,江苏
600282,南钢股份,江苏
002631,德尔未来,江苏
002866,传艺科技,江苏
603042,华脉科技,江苏
002150,通润装备,江苏
002223,鱼跃医疗,江苏
000919,金陵药业,江苏
002262,恩华药业,江苏
601009,南京银行,江苏
601890,亚星锚链,江苏
002883,中设股份,江苏
600682,南京新百,江苏
600775,南京熊猫,江苏
600377,宁沪高速,江苏
601155,新城控股,江苏
603313,梦百合,江苏
600083,博信股份,江苏
603005,晶方科技,江苏
002478,常宝股份,江苏
002349,精华制药,江苏
002496,ST辉丰,江苏
600481,双良节能,江苏
600919,江苏银行,江苏
002074,国轩高科,江苏
300725,药石科技,江苏
603369,今世缘,江苏
002040,南 京 港,江苏
002445,ST中南,江苏
603990,麦迪科技,江苏
600300,维维股份,江苏
002608,江苏国信,江苏
300664,鹏鹞环保,江苏
300429,强力新材,江苏
000035,中国天楹,江苏
603158,腾龙股份,江苏
603203,快克股份,江苏
601128,常熟银行,江苏
600746,江苏索普,江苏
300721,怡达股份,江苏
600557,康缘药业,江苏
300128,锦富技术,江苏
002081,金 螳 螂,江苏
603007,花王股份,江苏
002002,鸿达兴业,江苏
600973,宝胜股份,江苏
600805,悦达投资,江苏
300261,雅本化学,江苏
600389,江山股份,江苏
603013,亚普股份,江苏
300528,幸福蓝海,江苏
002438,江苏神通,江苏
002514,宝馨科技,江苏
601500,通用股份,江苏
300715,凯伦股份,江苏
300091,金通灵,江苏
603693,江苏新能,江苏
002090,金智科技,江苏
601388,怡球资源,江苏
002015,霞客环保,江苏
600406,国电南瑞,江苏
300575,中旗股份,江苏
300339,润和软件,江苏
000727,华东科技,江苏
002585,双星新材,江苏
600710,苏美达,江苏
002024,苏宁易购,江苏
002009,天奇股份,江苏
002796,世嘉科技,江苏
600487,亨通光电,江苏
002564,天沃科技,江苏
000301,东方盛虹,江苏
601008,连云港,江苏
300279,和晶科技,江苏
002680,*ST长生,江苏
603819,神力股份,江苏
603028,赛福天,江苏
601360,三六零,江苏
300707,威唐工业,江苏
600562,国睿科技,江苏
002516,旷达科技,江苏
000738,航发控制,江苏
300260,新莱应材,江苏
002394,联发股份,江苏
600220,江苏阳光,江苏
300172,中电环保,江苏
300651,金陵体育,江苏
601199,江南水务,江苏
603922,金鸿顺,江苏
300192,科斯伍德,江苏
603179,新泉股份,江苏
603519,立霸股份,江苏
600276,恒瑞医药,江苏
600716,凤凰股份,江苏
002323,*ST百特,江苏
601700,风范股份,江苏
002309,中利集团,江苏
603585,苏利股份,江苏
600078,澄星股份,江苏
603955,大千生态,江苏
600510,黑牡丹,江苏
603041,美思德,江苏
300753,爱朋医疗,江苏
300382,斯莱克,江苏
300190,维尔利,江苏
603985,恒润股份,江苏
601928,凤凰传媒,江苏
603507,振江股份,江苏
002547,春兴精工,江苏
603876,鼎胜新材,江苏
603680,今创集团,江苏
002304,洋河股份,江苏
000425,徐工机械,江苏
000910,大亚圣象,江苏
300201,海伦哲,江苏
600398,海澜之家,江苏
300280,紫天科技,江苏
600213,亚星客车,江苏
603059,倍加洁,江苏
002747,埃斯顿,江苏
600713,南京医药,江苏
300509,新美星,江苏
600053,九鼎投资,江西
600269,赣粤高速,江西
300095,华伍股份,江西
002748,世龙实业,江西
600507,方大特钢,江西
600461,洪城水业,江西
002460,赣锋锂业,江西
600590,泰豪科技,江西
002157,正邦科技,江西
300453,三鑫医疗,江西
603773,沃格光电,江西
002378,章源钨业,江西
300722,新余国科,江西
300066,三川智慧,江西
300294,博雅生物,江西
002068,黑猫股份,江西
000650,仁和药业,江西
603977,国泰集团,江西
000990,诚志股份,江西
600782,新钢股份,江西
600373,中文传媒,江西
600397,*ST安煤,江西
002036,联创电子,江西
600071,凤凰光学,江西
002176,江特电机,江西
000550,江铃汽车,江西
300636,同和药业,江西
300497,富祥股份,江西
600561,江西长运,江西
000829,天音控股,江西
600316,洪都航空,江西
600363,联创光电,江西
000789,万年青,江西
300748,金力永磁,江西
000899,赣能股份,江西
002695,煌上煌,江西
002591,恒大高新,江西
600228,ST昌九,江西
600750,江中药业,江西
000404,长虹华意,江西
600362,江西铜业,江西
600409,三友化工,河北
600812,华北制药,河北
002108,沧州明珠,河北
002146,荣盛发展,河北
300138,晨光生物,河北
000848,承德露露,河北
000600,建投能源,河北
000158,常山北明,河北
600722,金牛化工,河北
000778,新兴铸管,河北
300107,建新股份,河北
000709,河钢股份,河北
002459,天业通联,河北
603938,三孚股份,河北
002691,冀凯股份,河北
600559,老白干酒,河北
601326,秦港股份,河北
300491,通合科技,河北
300428,四通新材,河北
600230,沧州大化,河北
300137,先河环保,河北
000413,东旭光电,河北
600965,福成股份,河北
000856,冀东装备,河北
000923,河北宣工,河北
601633,长城汽车,河北
002282,博深工具,河北
603050,科林电气,河北
600149,ST坊展,河北
600803,新奥股份,河北
600155,华创阳安,河北
600482,中国动力,河北
300255,常山药业,河北
300446,乐凯新材,河北
603156,养元饮品,河北
002342,巨力索具,河北
002442,龙星化工,河北
002494,华斯股份,河北
000958,东方能源,河北
000401,冀东水泥,河北
000937,冀中能源,河北
002603,以岭药业,河北
600480,凌云股份,河北
000889,中嘉博创,河北
600997,开滦股份,河北
300371,汇中股份,河北
000687,华讯方舟,河北
300368,汇金股份,河北
600135,乐凯胶片,河北
603385,惠达卫浴,河北
601000,唐山港,河北
600550,保变电气,河北
002049,紫光国微,河北
300081,恒信东方,河北
600340,华夏幸福,河北
601258,庞大集团,河北
002132,恒星科技,河南
600066,宇通客车,河南
600439,瑞贝卡,河南
603566,普莱柯,河南
002007,华兰生物,河南
002406,远东传动,河南
600403,大有能源,河南
600222,太龙药业,河南
002216,三全食品,河南
002423,中原特钢,河南
002536,西泵股份,河南
600531,豫光金铅,河南
002560,通达股份,河南
300481,濮阳惠成,河南
600172,黄河旋风,河南
000676,智度股份,河南
000949,新乡化纤,河南
300248,新开普,河南
603508,思维列控,河南
002046,轴研科技,河南
300437,清水源,河南
000933,神火股份,河南
000400,许继电气,河南
600207,安彩高科,河南
600121,郑州煤电,河南
601677,明泰铝业,河南
000895,双汇发展,河南
001896,豫能控股,河南
603658,安图生物,河南
300732,设研院,河南
002179,中航光电,河南
300064,豫金刚石,河南
300701,森霸传感,河南
002407,多氟多,河南
000719,中原传媒,河南
603993,洛阳钼业,河南
300007,汉威科技,河南
600020,中原高速,河南
601038,一拖股份,河南
002296,辉煌科技,河南
002936,郑州银行,河南
002613,北玻股份,河南
600069,银鸽投资,河南
002857,三晖电气,河南
600469,风神股份,河南
002714,牧原股份,河南
601666,平煤股份,河南
002770,科迪乳业,河南
002477,雏鹰农牧,河南
002535,林州重机,河南
600781,辅仁药业,河南
300480,光力科技,河南
000544,中原环保,河南
600876,洛阳玻璃,河南
300179,四方达,河南
601717,郑煤机,河南
300263,隆华科技,河南
600186,莲花健康,河南
601375,中原证券,河南
002321,华英农业,河南
300080,易成新能,河南
600595,中孚实业,河南
000612,焦作万方,河南
600753,东方银星,河南
600312,平高电气,河南
600285,羚锐制药,河南
601608,中信重工,河南
300259,新天科技,河南
000885,城发环境,河南
600569,安阳钢铁,河南
002087,新野纺织,河南
002225,濮耐股份,河南
002448,中原内配,河南
002582,好想你,河南
300109,新开源,河南
002358,森源电气,河南
002189,利达光电,河南
600810,神马股份,河南
002601,龙蟒佰利,河南
300539,横河模具,浙江
002034,旺能环境,浙江
600173,卧龙地产,浙江
600933,爱柯迪,浙江
002801,微光股份,浙江
002012,凯恩股份,浙江
600683,京投发展,浙江
002032,苏 泊 尔,浙江
600576,祥源文化,浙江
603665,康隆达,浙江
002144,宏达高科,浙江
600070,浙江富润,浙江
002937,兴瑞科技,浙江
002326,永太科技,浙江
603045,福达合金,浙江
601339,百隆东方,浙江
601177,杭齿前进,浙江
300488,恒锋工具,浙江
002586,围海股份,浙江
603001,奥康国际,浙江
002472,双环传动,浙江
300571,平治信息,浙江
603520,司太立,浙江
002085,万丰奥威,浙江
002686,亿利达,浙江
002164,宁波东力,浙江
002648,卫星石化,浙江
600677,航天通信,浙江
300032,金龙机电,浙江
002364,中恒电气,浙江
600796,钱江生化,浙江
002244,滨江集团,浙江
002440,闰土股份,浙江
603997,继峰股份,浙江
603896,寿仙谷,浙江
002284,亚太股份,浙江
600512,腾达建设,浙江
300718,长盛轴承,浙江
300743,天地数码,浙江
603116,红蜻蜓,浙江
300351,永贵电器,浙江
002687,乔治白,浙江
002647,仁东控股,浙江
002863,今飞凯达,浙江
300203,聚光科技,浙江
000559,万向钱潮,浙江
600052,浙江广厦,浙江
300550,和仁科技,浙江
300257,开山股份,浙江
603456,九洲药业,浙江
300113,顺网科技,浙江
603088,宁波精达,浙江
600884,杉杉股份,浙江
603168,莎普爱思,浙江
002203,海亮股份,浙江
300256,星星科技,浙江
300698,万马科技,浙江
300673,佩蒂股份,浙江
603008,喜临门,浙江
002196,方正电机,浙江
603602,纵横通信,浙江
603500,祥和实业,浙江
603568,伟明环保,浙江
603709,中源家居,浙江
300401,花园生物,浙江
600261,阳光照明,浙江
600023,浙能电力,浙江
603316,诚邦股份,浙江
600797,浙大网新,浙江
603667,五洲新春,浙江
002056,横店东磁,浙江
002767,先锋电子,浙江
300266,兴源环境,浙江
603015,弘讯科技,浙江
603607,京华激光,浙江
300512,中亚股份,浙江
300270,中威电子,浙江
600175,美都能源,浙江
603081,大丰实业,浙江
603298,杭叉集团,浙江
603239,浙江仙通,浙江
603657,春光科技,浙江
300412,迦南科技,浙江
603089,正裕工业,浙江
600596,新安股份,浙江
002370,亚太药业,浙江
002001,新 和 成,浙江
002415,海康威视,浙江
600352,浙江龙盛,浙江
300357,我武生物,浙江
002214,大立科技,浙江
002489,浙江永强,浙江
002430,杭氧股份,浙江
603301,振德医疗,浙江
002247,聚力文化,浙江
600814,杭州解百,浙江
603701,德宏股份,浙江
601877,正泰电器,浙江
603733,仙鹤股份,浙江
300411,金盾股份,浙江
002629,仁智股份,浙江
603506,南都物业,浙江
603980,吉华集团,浙江
603320,迪贝电气,浙江
002730,电光科技,浙江
300250,初灵信息,浙江
300637,扬帆新材,浙江
002082,万邦德,浙江
300478,杭州高新,浙江
002915,中欣氟材,浙江
300703,创源文化,浙江
002062,宏润建设,浙江
603806,福斯特,浙江
002840,华统股份,浙江
600776,东方通信,浙江
002590,万安科技,浙江
002515,金字火腿,浙江
002142,宁波银行,浙江
002624,完美世界,浙江
600633,浙数文化,浙江
603823,百合花,浙江
600982,宁波热电,浙江
300020,银江股份,浙江
002703,浙江世宝,浙江
603618,杭电股份,浙江
002615,哈尔斯,浙江
002520,日发精机,浙江
300626,华瑞股份,浙江
300669,沪宁股份,浙江
603711,香飘飘,浙江
603556,海兴电力,浙江
300727,润禾材料,浙江
600865,百大集团,浙江
600790,轻纺城,浙江
000913,钱江摩托,浙江
603908,牧高笛,浙江
002859,洁美科技,浙江
002122,*ST天马,浙江
002619,艾格拉斯,浙江
000909,数源科技,浙江
002332,仙琚制药,浙江
600477,杭萧钢构,浙江
603600,永艺股份,浙江
603303,得邦照明,浙江
600114,东睦股份,浙江
002404,嘉欣丝绸,浙江
002124,天邦股份,浙江
000558,莱茵体育,浙江
002206,海 利 得,浙江
300181,佐力药业,浙江
002266,浙富控股,浙江
002563,森马服饰,浙江
600152,维科技术,浙江
300100,双林股份,浙江
002188,*ST巴士,浙江
300033,同花顺,浙江
603337,杰克股份,浙江
300283,温州宏丰,浙江
002562,兄弟科技,浙江
300300,汉鼎宇佑,浙江
300360,炬华科技,浙江
002625,光启技术,浙江
002569,步森股份,浙江
603703,盛洋科技,浙江
603606,东方电缆,浙江
002552,*ST宝鼎,浙江
603897,长城科技,浙江
603917,合力科技,浙江
603079,圣达生物,浙江
002043,兔 宝 宝,浙江
601233,桐昆股份,浙江
000156,华数传媒,浙江
603297,永新光学,浙江
002115,三维通信,浙江
603311,金海环境,浙江
000918,嘉凯城,浙江
603788,宁波高发,浙江
002473,*ST圣莱,浙江
002756,永兴特钢,浙江
600177,雅戈尔,浙江
300643,万通智控,浙江
002061,浙江交科,浙江
002931,锋龙股份,浙江
603208,江山欧派,浙江
603289,泰瑞机器,浙江
603105,芯能科技,浙江
600113,浙江东日,浙江
600671,天目药业,浙江
002263,*ST东南,浙江
603218,日月股份,浙江
300461,田中精机,浙江
600926,杭州银行,浙江
002173,创新医疗,浙江
002468,申通快递,浙江
603757,大元泵业,浙江
002133,广宇集团,浙江
603889,新澳股份,浙江
002020,京新药业,浙江
300144,宋城演艺,浙江
603222,济民制药,浙江
603583,捷昌驱动,浙江
002276,万马股份,浙江
300306,远方信息,浙江
300316,晶盛机电,浙江
300649,杭州园林,浙江
002664,长鹰信质,浙江
600232,金鹰股份,浙江
603611,诺力股份,浙江
600724,宁波富达,浙江
601789,宁波建工,浙江
600330,天通股份,浙江
300729,乐歌股份,浙江
002119,康强电子,浙江
300133,华策影视,浙江
600235,民丰特纸,浙江
603767,中马传动,浙江
603225,新凤鸣,浙江
000925,众合科技,浙江
600366,宁波韵升,浙江
002050,三花智控,浙江
002632,道明光学,浙江
002381,双箭股份,浙江
002003,伟星股份,浙江
002758,华通医药,浙江
601113,华鼎股份,浙江
600160,巨化股份,浙江
600987,航民股份,浙江
002860,星帅尔,浙江
603789,星光农机,浙江
603181,皇马科技,浙江
600460,士兰微,浙江
603557,起步股份,浙江
002250,联化科技,浙江
002375,亚厦股份,浙江
601108,财通证券,浙江
601878,浙商证券,浙江
601689,拓普集团,浙江
600387,海越能源,浙江
002006,精功科技,浙江
002712,思美传媒,浙江
603033,三维股份,浙江
600120,浙江东方,浙江
002126,银轮股份,浙江
002570,*ST因美,浙江
002634,棒杰股份,浙江
300746,汉嘉设计,浙江
002896,中大力德,浙江
002273,水晶光电,浙江
603595,东尼电子,浙江
002236,大华股份,浙江
300329,海伦钢琴,浙江
603177,德创环保,浙江
603186,华正新材,浙江
002434,万里扬,浙江
600537,亿晶光电,浙江
300163,先锋新材,浙江
002322,理工环科,浙江
600051,宁波联合,浙江
002779,中坚科技,浙江
600763,通策医疗,浙江
300076,GQY视讯,浙江
002048,宁波华翔,浙江
002010,传化智联,浙江
002131,利欧股份,浙江
002099,海翔药业,浙江
603055,台华新材,浙江
603229,奥翔药业,浙江
603388,元成股份,浙江
300710,万隆光电,浙江
002725,跃岭股份,浙江
300078,思创医惠,浙江
002011,盾安环境,浙江
600283,钱江水利,浙江
300349,金卡智能,浙江
300234,开尔新材,浙江
300441,鲍斯股份,浙江
603260,合盛硅业,浙江
603578,三星新材,浙江
600267,海正药业,浙江
600290,华仪电气,浙江
300118,东方日升,浙江
002120,韵达股份,浙江
600572,康恩贝,浙江
600208,新湖中宝,浙江
603238,诺邦股份,浙江
002403,爱仕达,浙江
603726,朗迪集团,浙江
002641,永高股份,浙江
002280,联络互动,浙江
603266,天龙股份,浙江
600491,龙元建设,浙江
603258,电魂网络,浙江
300025,华星创业,浙江
002488,金固股份,浙江
601567,三星医疗,浙江
002444,巨星科技,浙江
300553,集智股份,浙江
002677,浙江美大,浙江
300548,博创科技,浙江
300068,南都电源,浙江
603129,春风动力,浙江
603926,铁流股份,浙江
000739,普洛药业,浙江
600768,宁波富邦,浙江
600570,恒生电子,浙江
603877,太平鸟,浙江
002199,东晶电子,浙江
600077,宋都股份,浙江
002064,华峰氨纶,浙江
603799,华友钴业,浙江
603505,金石资源,浙江
603321,梅轮电梯,浙江
002493,荣盛石化,浙江
002135,东南网架,浙江
603085,天成自控,浙江
600176,中国巨石,浙江
600798,宁波海运,浙江
603677,奇精机械,浙江
603685,晨丰科技,浙江
603103,横店影视,浙江
002479,富春环保,浙江
600059,古越龙山,浙江
002154,报 喜 鸟,浙江
300558,贝达药业,浙江
300519,新光药业,浙江
300611,美力科技,浙江
000705,浙江震元,浙江
603822,嘉澳环保,浙江
300307,慈星股份,浙江
002372,伟星新材,浙江
603300,华铁科技,浙江
603010,万盛股份,浙江
000411,英特集团,浙江
002343,慈文传媒,浙江
603305,旭升股份,浙江
002067,景兴纸业,浙江
603040,新坐标,浙江
002443,金洲管道,浙江
603605,珀莱雅,浙江
300587,天铁股份,浙江
002602,世纪华通,浙江
600521,华海药业,浙江
600857,宁波中百,浙江
002112,三变科技,浙江
300347,泰格医药,浙江
600704,物产中大,浙江
600571,信雅达,浙江
603331,百达精工,浙江
002019,亿帆医药,浙江
603996,中新科技,浙江
300702,天宇股份,浙江
601579,会稽山,浙江
300426,唐德影视,浙江
000967,盈峰环境,浙江
002318,久立特材,浙江
603178,圣龙股份,浙江
603811,诚意药业,浙江
603277,银都股份,浙江
000607,华媒控股,浙江
603617,君禾股份,浙江
002718,友邦吊顶,浙江
002427,*ST尤夫,浙江
002795,永和智控,浙江
601002,晋亿实业,浙江
603165,荣晟环保,浙江
600130,波导股份,浙江
300582,英飞特,浙江
002633,申科股份,浙江
002103,广博股份,浙江
300695,兆丰股份,浙江
300111,向日葵,浙江
002508,老板电器,浙江
000906,浙商中拓,浙江
000963,华东医药,浙江
603901,永创智能,浙江
002534,杭锅股份,浙江
002418,康盛股份,浙江
002699,美盛文化,浙江
300439,美康生物,浙江
600415,小商品城,浙江
601018,宁波港,浙江
002389,航天彩虹,浙江
000517,荣安地产,浙江
300027,华谊兄弟,浙江
600668,尖峰集团,浙江
300314,戴维医疗,浙江
600580,卧龙电气,浙江
601137,博威合金,浙江
300459,金科文化,浙江
600126,杭钢股份,浙江
603661,恒林股份,浙江
300666,江丰电子,浙江
002574,明牌珠宝,浙江
002021,中捷资源,浙江
600699,均胜电子,浙江
002942,新农股份,浙江
600526,菲达环保,浙江
603558,健盛集团,浙江
601882,海天精工,浙江
300652,雷迪克,浙江
002897,意华股份,浙江
603538,美诺华,浙江
002344,海宁皮城,浙江
300604,长川科技,浙江
002522,浙江众成,浙江
603839,安正时尚,浙江
603816,顾家家居,浙江
300566,激智科技,浙江
600216,浙江医药,浙江
002849,威星智能,浙江
002637,赞宇科技,浙江
300244,迪安诊断,浙江
002940,昂利康,浙江
300435,中泰股份,浙江
600226,瀚叶股份,浙江
002793,东音股份,浙江
300145,中金环境,浙江
600273,嘉化能源,浙江
002532,新界泵业,浙江
002617,露笑科技,浙江
603338,浙江鼎力,浙江
300069,金利华电,浙江
603076,乐惠国际,浙江
300451,创业软件,浙江
603110,东方材料,浙江
601116,三江购物,浙江
002224,三 力 士,浙江
300645,正元智慧,浙江
603637,镇海股份,浙江
600830,香溢融通,浙江
002095,生 意 宝,浙江
600221,海航控股,海南
000567,海德股份,海南
300630,普利制药,海南
601118,海南橡胶,海南
002596,海南瑞泽,海南
002865,钧达股份,海南
002693,双成药业,海南
000793,华闻传媒,海南
300189,神农基因,海南
000571,新大洲Ａ,海南
000503,国新健康,海南
300086,康芝药业,海南
600759,洲际油气,海南
600209,*ST罗顿,海南
000657,中钨高新,海南
000955,欣龙控股,海南
000613,大东海A,海南
000505,京粮控股,海南
600515,海航基础,海南
600555,海航创新,海南
002320,海峡股份,海南
601969,海南矿业,海南
603069,海汽集团,海南
600259,广晟有色,海南
000886,海南高速,海南
600896,*ST海投,海南
000566,海南海药,海南
000572,海马汽车,海南
000735,罗 牛 山,海南
000585,*ST东电,海南
600238,*ST椰岛,海南
002340,格林美,深圳
300130,新国都,深圳
002551,尚荣医疗,深圳
000002,万 科Ａ,深圳
300037,新宙邦,深圳
002609,捷顺科技,深圳
002352,顺丰控股,深圳
300206,理邦仪器,深圳
000043,中航善达,深圳
000025,特 力Ａ,深圳
002845,同兴达,深圳
603160,汇顶科技,深圳
002402,和而泰,深圳
002583,海能达,深圳
300638,广和通,深圳
002369,卓翼科技,深圳
002837,英维克,深圳
002289,宇顺电子,深圳
002105,信隆健康,深圳
300112,万讯自控,深圳
000018,神州长城,深圳
002736,国信证券,深圳
300389,艾比森,深圳
300531,优博讯,深圳
300085,银之杰,深圳
300739,明阳电路,深圳
002815,崇达技术,深圳
002769,普路通,深圳
603808,歌力思,深圳
300457,赢合科技,深圳
002740,爱迪尔,深圳
000999,华润三九,深圳
002163,中航三鑫,深圳
002587,奥拓电子,深圳
300333,兆日科技,深圳
002912,中新赛克,深圳
000056,皇庭国际,深圳
002359,北讯集团,深圳
300543,朗科智能,深圳
002238,天威视讯,深圳
000060,中金岭南,深圳
001979,招商蛇口,深圳
300545,联得装备,深圳
000049,德赛电池,深圳
002797,第一创业,深圳
002875,安奈儿,深圳
000088,盐 田 港,深圳
002880,卫光生物,深圳
300197,铁汉生态,深圳
000066,中国长城,深圳
002256,兆新股份,深圳
002813,路畅科技,深圳
300207,欣旺达,深圳
603063,禾望电气,深圳
300350,华鹏飞,深圳
000009,中国宝安,深圳
002889,东方嘉盛,深圳
300533,冰川网络,深圳
000090,天健集团,深圳
000007,全新好,深圳
600380,健康元,深圳
002856,美芝股份,深圳
300675,建科院,深圳
002047,宝鹰股份,深圳
002183,怡 亚 通,深圳
002938,鹏鼎控股,深圳
002227,奥 特 迅,深圳
002618,丹邦科技,深圳
000068,华控赛格,深圳
000019,深深宝Ａ,深圳
300235,方直科技,深圳
300042,朗科科技,深圳
002436,兴森科技,深圳
000004,国农科技,深圳
002327,富安娜,深圳
002419,天虹股份,深圳
300317,珈伟新能,深圳
000031,中粮地产,深圳
300724,捷佳伟创,深圳
002789,建艺集团,深圳
603228,景旺电子,深圳
300303,聚飞光电,深圳
300565,科信技术,深圳
000027,深圳能源,深圳
300671,富满电子,深圳
000042,中洲控股,深圳
002882,金龙羽,深圳
300124,汇川技术,深圳
002213,特 尔 佳,深圳
002301,齐心集团,深圳
300178,腾邦国际,深圳
000029,深深房Ａ,深圳
300622,博士眼镜,深圳
300193,佳士科技,深圳
002823,凯中精密,深圳
002917,金奥博,深圳
002243,通产丽星,深圳
002681,奋达科技,深圳
000016,深康佳Ａ,深圳
000034,神州数码,深圳
000063,中兴通讯,深圳
002170,芭田股份,深圳
002106,莱宝高科,深圳
002341,新纶科技,深圳
002336,人人乐,深圳
002314,南山控股,深圳
300760,迈瑞医疗,深圳
002008,大族激光,深圳
002138,顺络电子,深圳
002724,海洋王,深圳
300484,蓝海华腾,深圳
000061,农 产 品,深圳
300454,深信服,深圳
300232,洲明科技,深圳
002052,同洲电子,深圳
600446,金证股份,深圳
300568,星源材质,深圳
300656,民德电子,深圳
000011,深物业A,深圳
000099,中信海直,深圳
002285,世联行,深圳
002733,雄韬股份,深圳
002421,达实智能,深圳
000023,深天地Ａ,深圳
300647,超频三,深圳
002620,瑞和股份,深圳
002763,汇洁股份,深圳
300731,科创新源,深圳
300136,信维通信,深圳
002851,麦格米特,深圳
300052,中青宝,深圳
002822,中装建设,深圳
300556,丝路视觉,深圳
300532,今天国际,深圳
002168,深圳惠程,深圳
300131,英唐智控,深圳
300047,天源迪科,深圳
002482,广田集团,深圳
300570,太辰光,深圳
002475,立讯精密,深圳
002123,梦网集团,深圳
002356,赫美集团,深圳
300012,华测检测,深圳
002121,科陆电子,深圳
000050,深天马Ａ,深圳
300377,赢时胜,深圳
300615,欣天科技,深圳
300227,光韵达,深圳
300689,澄天伟业,深圳
300601,康泰生物,深圳
000096,广聚能源,深圳
300134,大富科技,深圳
300686,智动力,深圳
000020,深华发Ａ,深圳
002766,索菱股份,深圳
002210,飞马国际,深圳
000069,华侨城Ａ,深圳
300044,赛为智能,深圳
002325,洪涛股份,深圳
603978,深圳新星,深圳
300546,雄帝科技,深圳
002831,裕同科技,深圳
002881,美格智能,深圳
002334,英威腾,深圳
002215,诺 普 信,深圳
000078,海王生物,深圳
600892,大晟文化,深圳
002594,比亚迪,深圳
600999,招商证券,深圳
002137,麦达数字,深圳
000055,方大集团,深圳
002916,深南电路,深圳
300602,飞荣达,深圳
601333,广深铁路,深圳
300199,翰宇药业,深圳
000040,东旭蓝天,深圳
002850,科达利,深圳
300115,长盈精密,深圳
300162,雷曼股份,深圳
002416,爱施德,深圳
600162,香江控股,深圳
002548,金新农,深圳
300668,杰恩设计,深圳
000089,深圳机场,深圳
300633,开立医疗,深圳
002218,拓日新能,深圳
300319,麦捷科技,深圳
300679,电连技术,深圳
002191,劲嘉股份,深圳
300241,瑞丰光电,深圳
000039,中集集团,深圳
300077,国民技术,深圳
000070,特发信息,深圳
002782,可立克,深圳
002577,雷柏科技,深圳
000032,深桑达Ａ,深圳
300154,瑞凌股份,深圳
300301,长方集团,深圳
600548,深高速,深圳
002316,亚联发展,深圳
000555,神州信息,深圳
002867,周大生,深圳
600462,九有股份,深圳
300269,联建光电,深圳
002886,沃特股份,深圳
002939,长城证券,深圳
000014,沙河股份,深圳
002869,金溢科技,深圳
300468,四方精创,深圳
002139,拓邦股份,深圳
002786,银宝山新,深圳
002775,文科园林,深圳
002528,英飞拓,深圳
300400,劲拓股份,深圳
300506,名家汇,深圳
002735,王子新材,深圳
300572,安车检测,深圳
000006,深振业Ａ,深圳
002294,信立泰,深圳
000062,深圳华强,深圳
000021,深科技,深圳
300693,盛弘股份,深圳
002351,漫步者,深圳
300151,昌红科技,深圳
002876,三利谱,深圳
300252,金信诺,深圳
300348,长亮科技,深圳
000037,深南电A,深圳
002816,和科达,深圳
000010,美丽生态,深圳
300713,英可瑞,深圳
002654,万润科技,深圳
601139,深圳燃气,深圳
600383,金地集团,深圳
000048,*ST康达,深圳
300167,迪威迅,深圳
002055,得润电子,深圳
000012,南 玻Ａ,深圳
000001,平安银行,深圳
601330,绿色动力,深圳
000036,华联控股,深圳
300514,友讯达,深圳
000058,深 赛 格,深圳
002885,京泉华,深圳
300621,维业股份,深圳
300538,同益股份,深圳
002835,同为股份,深圳
600525,长园集团,深圳
002399,海普瑞,深圳
300518,盛讯达,深圳
000017,深中华A,深圳
002130,沃尔核材,深圳
002751,易尚展示,深圳
300277,海联讯,深圳
002313,日海智能,深圳
002456,欧菲科技,深圳
300634,彩讯股份,深圳
300676,华大基因,深圳
002388,新亚制程,深圳
603118,共进股份,深圳
300264,佳创视讯,深圳
600030,中信证券,深圳
000045,深纺织Ａ,深圳
002429,兆驰股份,深圳
000026,飞亚达Ａ,深圳
002303,美盈森,深圳
600036,招商银行,深圳
601138,工业富联,深圳
002161,远 望 谷,深圳
300576,容大感光,深圳
002830,名雕股份,深圳
300745,欣锐科技,深圳
000005,世纪星源,深圳
300752,隆利科技,深圳
000038,深大通,深圳
601318,中国平安,深圳
000028,国药一致,深圳
002518,科士达,深圳
002660,茂硕电源,深圳
000022,深赤湾Ａ,深圳
002811,亚泰国际,深圳
002781,奇信股份,深圳
002197,证通电子,深圳
000852,石化机械,湖北
000670,盈方微,湖北
002627,宜昌交运,湖北
002694,顾地科技,湖北
300161,华中数控,湖北
600885,宏发股份,湖北
002194,*ST凡谷,湖北
600774,汉商集团,湖北
300517,海波重科,湖北
002013,中航机电,湖北
600681,百川能源,湖北
300220,金运激光,湖北
600421,ST仰帆,湖北
000883,湖北能源,湖北
300536,农尚环境,湖北
000422,*ST宜化,湖北
000627,天茂集团,湖北
300567,精测电子,湖北
000971,高升控股,湖北
300683,海特生物,湖北
600801,华新水泥,湖北
300276,三丰智能,湖北
000759,中百集团,湖北
300323,华灿光电,湖北
603738,泰晶科技,湖北
600260,凯乐科技,湖北
603220,贝通信,湖北
600498,烽火通信,湖北
300278,华昌达,湖北
000615,京汉股份,湖北
300527,中国应急,湖北
300494,盛天网络,湖北
600568,中珠医疗,湖北
600993,马应龙,湖北
601311,骆驼股份,湖北
601869,长飞光纤,湖北
002365,永安药业,湖北
600769,祥龙电业,湖北
000553,沙隆达Ａ,湖北
600068,葛洲坝,湖北
300018,中元股份,湖北
600006,东风汽车,湖北
002861,瀛通通讯,湖北
000939,*ST凯迪,湖北
000902,新洋丰,湖北
600757,长江传媒,湖北
002932,明德生物,湖北
000926,福星股份,湖北
000952,广济药业,湖北
300557,理工光科,湖北
300205,天喻信息,湖北
000707,*ST双环,湖北
600133,东湖高新,湖北
600998,九州通,湖北
600355,精伦电子,湖北
600079,人福医药,湖北
002281,光迅科技,湖北
000678,襄阳轴承,湖北
002377,国创高新,湖北
600703,三安光电,湖北
000708,大冶特钢,湖北
600976,健民集团,湖北
600745,闻泰科技,湖北
600298,安琪酵母,湖北
000783,长江证券,湖北
600566,济川药业,湖北
002305,南国置业,湖北
000501,鄂武商Ａ,湖北
300387,富邦股份,湖北
603716,塞力斯,湖北
300747,锐科激光,湖北
000966,长源电力,湖北
601162,天风证券,湖北
603067,振华股份,湖北
000760,斯太尔,湖北
600879,航天电子,湖北
002783,凯龙股份,湖北
600141,兴发集团,湖北
000665,湖北广电,湖北
300046,台基股份,湖北
300054,鼎龙股份,湖北
600293,三峡新材,湖北
600168,武汉控股,湖北
002414,高德红外,湖北
600275,ST昌鱼,湖北
000821,京山轻机,湖北
600035,楚天高速,湖北
000785,武汉中商,湖北
600345,长江通信,湖北
300041,回天新材,湖北
600107,美尔雅,湖北
000826,启迪桑德,湖北
600086,东方金钰,湖北
300516,久之洋,湖北
300395,菲利华,湖北
002159,三特索道,湖北
600136,当代明诚,湖北
000988,华工科技,湖北
000520,长航凤凰,湖北
300184,力源信息,湖北
600184,光电股份,湖北
002452,长高集团,湖南
000819,岳阳兴长,湖南
603319,湘油泵,湖南
000917,电广传媒,湖南
000622,恒立实业,湖南
300490,华自科技,湖南
603883,老百姓,湖南
002397,梦洁股份,湖南
002848,高斯贝尔,湖南
000430,张家界,湖南
300345,红宇新材,湖南
002761,多喜爱,湖南
000799,酒鬼酒,湖南
300705,九典制药,湖南
300672,国科微,湖南
002843,泰嘉股份,湖南
601577,长沙银行,湖南
600476,湘邮科技,湖南
002650,加加食品,湖南
600127,金健米业,湖南
603939,益丰药房,湖南
000519,中兵红箭,湖南
300268,佳沃股份,湖南
300474,景嘉微,湖南
300358,楚天科技,湖南
300726,宏达电子,湖南
600390,五矿资本,湖南
300433,蓝思科技,湖南
600156,华升股份,湖南
300123,亚光科技,湖南
002277,友阿股份,湖南
002847,盐津铺子,湖南
000428,华天酒店,湖南
002913,奥士康,湖南
000702,正虹科技,湖南
603998,方盛制药,湖南
600698,湖南天雁,湖南
300515,三德科技,湖南
000989,九 芝 堂,湖南
002879,长缆科技,湖南
300298,三诺生物,湖南
300015,爱尔眼科,湖南
300700,岱勒新材,湖南
601901,方正证券,湖南
600257,大湖股份,湖南
000908,景峰医药,湖南
000932,华菱钢铁,湖南
300187,永清环保,湖南
600961,株冶集团,湖南
300740,御家汇,湖南
002125,湘潭电化,湖南
002661,克明面业,湖南
002892,科力尔,湖南
002533,金杯电工,湖南
600416,湘电股份,湖南
300216,千山药机,湖南
002297,博云新材,湖南
002903,宇环数控,湖南
002716,金贵银业,湖南
300035,中科电气,湖南
300267,尔康制药,湖南
601098,中南传媒,湖南
000722,湖南发展,湖南
600975,新五丰,湖南
300665,飞鹿股份,湖南
601636,旗滨集团,湖南
000590,启迪古汉,湖南
300413,芒果超媒,湖南
002549,凯美特气,湖南
603989,艾华集团,湖南
603721,中广天择,湖南
603517,绝味食品,湖南
300592,华凯创意,湖南
600929,湖南盐业,湖南
600969,郴电国际,湖南
300148,天舟文化,湖南
002523,天桥起重,湖南
002412,汉森制药,湖南
300730,科创信息,湖南
002505,大康农业,湖南
002097,山河智能,湖南
000419,通程控股,湖南
002943,宇晶股份,湖南
002113,天润数娱,湖南
002096,南岭民爆,湖南
002261,拓维信息,湖南
000998,隆平高科,湖南
002155,湖南黄金,湖南
002251,步 步 高,湖南
600458,时代新材,湖南
600731,湖南海利,湖南
600479,千金药业,湖南
002567,唐人神,湖南
000900,现代投资,湖南
000157,中联重科,湖南
000548,湖南投资,湖南
600478,科力远,湖南
300338,开元股份,湖南
000504,南华生物,湖南
600599,熊猫金控,湖南
603959,百利科技,湖南
600963,岳阳林纸,湖南
600744,华银电力,湖南
002852,道道全,湖南
600311,荣华实业,甘肃
300084,海默科技,甘肃
002185,华天科技,甘肃
603169,兰石重装,甘肃
000779,三毛派神,甘肃
300534,陇神戎发,甘肃
600192,长城电工,甘肃
000929,兰州黄河,甘肃
600720,祁连山,甘肃
600687,刚泰控股,甘肃
601798,*ST蓝科,甘肃
600354,敦煌种业,甘肃
600543,莫高股份,甘肃
000791,甘肃电投,甘肃
603999,读者传媒,甘肃
600108,亚盛集团,甘肃
000995,*ST皇台,甘肃
601086,国芳集团,甘肃
603919,金徽酒,甘肃
002772,众兴菌业,甘肃
002145,中核钛白,甘肃
600516,方大炭素,甘肃
000691,亚太实业,甘肃
002644,佛慈制药,甘肃
600738,兰州民百,甘肃
002910,庄园牧场,甘肃
000981,银亿股份,甘肃
601212,白银有色,甘肃
600307,酒钢宏兴,甘肃
000552,靖远煤电,甘肃
000672,上峰水泥,甘肃
300021,大禹节水,甘肃
002219,恒康医疗,甘肃
000536,华映科技,福建
603933,睿能科技,福建
002512,达华智能,福建
000797,中国武夷,福建
002517,恺英网络,福建
603826,坤彩科技,福建
002229,鸿博股份,福建
002529,海源复材,福建
601566,九牧王,福建
002070,*ST众和,福建
000663,永安林业,福建
600493,凤竹纺织,福建
002729,好利来,福建
600203,福日电子,福建
603737,三棵树,福建
603668,天马科技,福建
300628,亿联网络,福建
300056,三维丝,福建
002901,大博医疗,福建
603696,安记食品,福建
600660,福耀玻璃,福建
002752,昇兴股份,福建
300648,星云股份,福建
600734,实达集团,福建
600870,*ST厦华,福建
002098,浔兴股份,福建
002335,科华恒盛,福建
603444,吉比特,福建
603817,海峡环保,福建
600755,厦门国贸,福建
000526,紫光学大,福建
000997,新 大 陆,福建
002222,福晶科技,福建
600711,盛屯矿业,福建
300657,弘信电子,福建
300188,美亚柏科,福建
002785,万里石,福建
600592,龙溪股份,福建
300096,易联众,福建
300640,德艺文创,福建
600033,福建高速,福建
300750,宁德时代,福建
000632,三木集团,福建
002174,游族网络,福建
300299,富春股份,福建
002679,福建金森,福建
300658,延江股份,福建
300436,广生堂,福建
300062,中能电气,福建
002235,安妮股份,福建
601166,兴业银行,福建
603678,火炬电子,福建
300605,恒锋信息,福建
600103,青山纸业,福建
000701,厦门信达,福建
002868,绿康生化,福建
300706,阿石创,福建
000671,阳 光 城,福建
300174,元力股份,福建
600897,厦门空港,福建
603879,永悦科技,福建
600057,厦门象屿,福建
603306,华懋科技,福建
601899,紫金矿业,福建
002925,盈趣科技,福建
002790,瑞尔特,福建
002788,鹭燕医药,福建
002674,兴业科技,福建
600153,建发股份,福建
603345,安井食品,福建
002614,奥佳华,福建
000547,航天发展,福建
002299,圣农发展,福建
600693,东百集团,福建
002228,合兴包装,福建
002682,龙洲股份,福建
002474,榕基软件,福建
002110,三钢闽光,福建
002578,闽发铝业,福建
000592,平潭发展,福建
000753,漳州发展,福建
300198,纳川股份,福建
600563,法拉电子,福建
300341,麦迪电气,福建
603615,茶花股份,福建
002102,ST冠福,福建
603180,金牌厨柜,福建
603636,南威软件,福建
600483,福能股份,福建
300560,中富通,福建
300427,红相股份,福建
002639,雪人股份,福建
300632,光莆股份,福建
600802,福建水泥,福建
300051,三五互联,福建
600436,片仔癀,福建
601933,永辉超市,福建
300525,博思软件,福建
002803,吉宏股份,福建
002702,海欣食品,福建
603628,清源股份,福建
600163,中闽能源,福建
600815,厦工股份,福建
002093,国脉科技,福建
603363,傲农生物,福建
603555,贵人鸟,福建
002396,星网锐捷,福建
002509,天广中茂,福建
603383,顶点软件,福建
300102,乾照光电,福建
000993,闽东电力,福建
300712,永福股份,福建
000905,厦门港务,福建
002300,太阳电缆,福建
300132,青松股份,福建
000732,泰禾集团,福建
002029,七 匹 狼,福建
600549,厦门钨业,福建
002626,金达威,福建
603663,三祥新材,福建
600067,冠城大通,福建
002264,新 华 都,福建
300650,太龙照明,福建
600388,龙净环保,福建
002593,日上集团,福建
603686,龙马环卫,福建
603909,合诚股份,福建
300685,艾德生物,福建
600573,惠泉啤酒,福建
600686,金龙汽车,福建
601377,兴业证券,福建
002398,建研集团,福建
603669,灵康药业,西藏
600326,西藏天路,西藏
002945,华林证券,西藏
000752,西藏发展,西藏
002827,高争民爆,西藏
002653,海思科,西藏
300624,万兴科技,西藏
603676,卫信康,西藏
002826,易明医药,西藏
300741,华宝股份,西藏
601020,华钰矿业,西藏
600211,西藏药业,西藏
000762,西藏矿业,西藏
002287,奇正藏药,西藏
600773,西藏城投,西藏
600338,西藏珠峰,西藏
600749,*ST藏旅,西藏
600873,梅花生物,西藏
601997,贵阳银行,贵州
600367,红星发展,贵州
600227,圣济堂,贵州
000920,南方汇通,贵州
600903,贵州燃气,贵州
000540,中天金融,贵州
600996,贵广网络,贵州
002039,黔源电力,贵州
600112,天成控股,贵州
002895,川恒股份,贵州
600395,盘江股份,贵州
002928,华夏航空,贵州
603458,勘设股份,贵州
002390,信邦制药,贵州
002424,贵州百灵,贵州
600992,贵绳股份,贵州
002873,新天药业,贵州
600523,贵航股份,贵州
600594,益佰制药,贵州
000589,黔轮胎Ａ,贵州
600765,中航重机,贵州
000851,高鸿股份,贵州
002927,泰永长征,贵州
002037,久联发展,贵州
002025,航天电器,贵州
603058,永吉股份,贵州
000733,振华科技,贵州
300288,朗玛信息,贵州
600519,贵州茅台,贵州
603399,吉翔股份,辽宁
000638,万方发展,辽宁
002621,三垒股份,辽宁
603609,禾丰牧业,辽宁
000751,锌业股份,辽宁
600747,ST大控,辽宁
300202,聚龙股份,辽宁
600125,铁龙物流,辽宁
600297,广汇汽车,辽宁
002667,鞍重股份,辽宁
600231,凌钢股份,辽宁
600317,营口港,辽宁
603396,金辰股份,辽宁
600715,文投控股,辽宁
603315,福鞍股份,辽宁
600739,辽宁成大,辽宁
600303,曙光股份,辽宁
000818,航锦科技,辽宁
300290,荣科科技,辽宁
300097,智云股份,辽宁
000692,惠天热电,辽宁
603318,派思股份,辽宁
300210,森远股份,辽宁
600306,商业城,辽宁
000715,中兴商业,辽宁
300473,德尔股份,辽宁
600694,大商股份,辽宁
000679,大连友谊,辽宁
600593,大连圣亚,辽宁
002220,天宝食品,辽宁
002487,大金重工,辽宁
002689,远大智能,辽宁
600241,时代万恒,辽宁
000410,沈阳机床,辽宁
000761,本钢板材,辽宁
000616,海航投资,辽宁
603866,桃李面包,辽宁
600190,锦州港,辽宁
300082,奥克股份,辽宁
002231,奥维通信,辽宁
300405,科隆股份,辽宁
300125,易世达,辽宁
000881,中广核技,辽宁
000597,东北制药,辽宁
002069,獐子岛,辽宁
002204,大连重工,辽宁
600718,东软集团,辽宁
002606,大连电瓷,辽宁
300573,兴齐眼药,辽宁
600396,金山股份,辽宁
600346,恒力股份,辽宁
600233,圆通速递,辽宁
300293,蓝英装备,辽宁
002354,天神娱乐,辽宁
000698,沈阳化工,辽宁
000809,铁岭新城,辽宁
600758,红阳能源,辽宁
002447,晨鑫科技,辽宁
600399,*ST抚钢,辽宁
300024,机器人,辽宁
603360,百傲化学,辽宁
600719,大连热电,辽宁
601880,大连港,辽宁
000898,鞍钢股份,辽宁
600167,联美控股,辽宁
000059,华锦股份,辽宁
000530,大冷股份,辽宁
002731,萃华珠宝,辽宁
601999,出版传媒,辽宁
600795,国电电力,辽宁
600609,金杯汽车,辽宁
000820,神雾节能,辽宁
600292,远达环保,重庆
603976,正川股份,重庆
002507,涪陵榨菜,重庆
300275,梅安森,重庆
300363,博腾股份,重庆
300194,福安药业,重庆
000688,国城矿业,重庆
600116,三峡水利,重庆
600279,重庆港九,重庆
000736,中交地产,重庆
600939,重庆建工,重庆
600369,西南证券,重庆
000656,金科股份,重庆
002765,蓝黛传动,重庆
000892,欢瑞世纪,重庆
600917,重庆燃气,重庆
600565,迪马股份,重庆
000514,渝 开 发,重庆
000565,渝三峡Ａ,重庆
601158,重庆水务,重庆
601777,力帆股份,重庆
603717,天域生态,重庆
600132,重庆啤酒,重庆
601127,小康股份,重庆
000591,太阳能,重庆
603766,隆鑫通用,重庆
300122,智飞生物,重庆
300006,莱美药业,重庆
600877,ST嘉陵,重庆
000950,重药控股,重庆
600452,涪陵电力,重庆
603100,川仪股份,重庆
603601,再升科技,重庆
002742,三圣股份,重庆
600729,重庆百货,重庆
000625,长安汽车,重庆
601965,中国汽研,重庆
600129,太极集团,重庆
002907,华森制药,重庆
002558,巨人网络,重庆
002872,天圣制药,重庆
600847,万里股份,重庆
002004,华邦健康,重庆
000788,北大医药,重庆
600106,重庆路桥,重庆
001696,宗申动力,重庆
601005,重庆钢铁,重庆
603758,秦安股份,重庆
000796,凯撒旅游,陕西
300487,蓝晓科技,陕西
000563,陕国投Ａ,陕西
601015,陕西黑猫,陕西
002673,西部证券,陕西
603139,康惠制药,陕西
300164,通源石油,陕西
600379,宝光股份,陕西
300116,坚瑞沃能,陕西
002267,陕天然气,陕西
002864,盘龙药业,陕西
600706,曲江文旅,陕西
300397,天和防务,陕西
600217,中再资环,陕西
600665,天地源,陕西
000516,国际医学,陕西
000768,中航飞机,陕西
002149,西部材料,陕西
600817,ST宏盛,陕西
002411,延安必康,陕西
600984,建设机械,陕西
300581,晨曦航空,陕西
600248,延长化建,陕西
000812,陕西金叶,陕西
000564,供销大集,陕西
300103,达刚路机,陕西
600343,航天动力,陕西
601179,中国西电,陕西
000610,西安旅游,陕西
600455,博通股份,陕西
600302,标准股份,陕西
000561,烽火电子,陕西
600707,彩虹股份,陕西
601012,隆基股份,陕西
000721,西安饮食,陕西
002109,兴化股份,陕西
300114,中航电测,陕西
600080,金花股份,陕西
300140,中环装备,陕西
300023,宝德股份,陕西
601958,金钼股份,陕西
600831,广电网络,陕西
600456,宝钛股份,陕西
601225,陕西煤业,陕西
000697,炼石航空,陕西
601369,陕鼓动力,陕西
000837,秦川机床,陕西
600893,航发动力,陕西
002799,环球印务,陕西
000408,藏格控股,青海
600381,青海春天,青海
603843,正平股份,青海
600243,青海华鼎,青海
600714,金瑞矿业,青海
600869,智慧能源,青海
000606,顺利办,青海
601168,西部矿业,青海
600117,西宁特钢,青海
600771,广誉远,青海
000792,盐湖股份,青海
002646,青青稞酒,青海
600701,*ST工新,黑龙江
300489,中飞股份,黑龙江
002437,誉衡药业,黑龙江
600705,中航资本,黑龙江
600095,哈高科,黑龙江
603567,珍宝岛,黑龙江
600289,*ST信通,黑龙江
000587,金洲慈航,黑龙江
000901,航天科技,黑龙江
002737,葵花药业,黑龙江
002698,博实股份,黑龙江
000985,大庆华科,黑龙江
600182,S佳通,黑龙江
600038,中直股份,黑龙江
603023,威帝股份,黑龙江
600178,东安动力,黑龙江
600202,*ST哈空,黑龙江
600666,奥瑞德,黑龙江
002900,哈三联,黑龙江
600726,华电能源,黑龙江
600187,国中水务,黑龙江
600864,哈投股份,黑龙江
000711,京蓝科技,黑龙江
601106,中国一重,黑龙江
600891,秋林集团,黑龙江
600853,龙建股份,黑龙江
300040,九洲电气,黑龙江
600829,人民同泰,黑龙江
600356,恒丰纸业,黑龙江
600811,东方集团,黑龙江
601188,龙江交通,黑龙江
600598,北大荒,黑龙江
000922,佳电股份,黑龙江
601011,宝泰隆,黑龙江
600371,万向德农,黑龙江
600179,安通控股,黑龙江
600664,哈药股份,黑龙江
