code,xcode,name,ipo_date,issue_date,amount,markets,price,pe,limit,funds,ballot
002942,002942,新农股份,2018-11-22,,3000,1200,14.33,22.98,1.2,4.2989999999999995,0.0
002941,002941,新疆交建,2018-11-15,,6500,1950,7.18,22.0,1.95,4.667,0.0
601319,780319,中国人保,2018-11-06,,180000,30337,0.0,0.0,30.3,0.0,0.0
603220,732220,贝通信,2018-11-06,,8444,3378,0.0,0.0,3.3,6.629,0.0
300751,300751,迈为股份,2018-10-31,,1300,1300,56.68,22.99,1.3,7.367999999999999,0.02
300674,300674,宇信科技,2018-10-24,,4001,3601,8.36,22.97,1.2,3.345,0.05
002939,002939,长城证券,2018-10-17,2018-10-26,31034,27931,6.31,22.98,9.3,19.582,0.16
002940,002940,昂利康,2018-10-11,2018-10-23,2250,2025,23.07,22.99,0.9,5.191,0.03
601162,780162,天风证券,2018-10-09,2018-10-19,51800,46620,1.79,22.86,15.5,0.0,0.25
300760,300760,迈瑞医疗,2018-09-27,2018-10-16,12160,10944,48.8,22.99,3.6,59.341,0.08
300694,300694,蠡湖股份,2018-09-27,2018-10-15,5383,4845,9.89,22.98,2.15,5.324,0.04
300749,300749,顶固集创,2018-09-13,2018-09-25,2850,2565,12.22,22.99,1.1,3.483,0.03
002937,002937,兴瑞科技,2018-09-12,2018-09-26,4600,4140,9.94,22.99,1.8,4.572,0.04
601577,780577,长沙银行,2018-09-12,2018-09-26,34216,30794,7.99,6.97,10.2,27.338,0.17
603583,732583,捷昌驱动,2018-09-11,2018-09-21,3020,2718,29.17,22.99,1.2,8.809,0.03
002936,002936,郑州银行,2018-09-07,2018-09-19,60000,54000,4.59,6.5,18.0,27.54,0.25
300748,300748,金力永磁,2018-09-06,2018-09-21,4160,3744,5.39,22.98,1.2,2.242,0.05
603810,732810,丰山集团,2018-09-06,2018-09-17,2000,2000,25.43,20.39,2.0,5.086,0.02
002938,002938,鹏鼎控股,2018-09-05,2018-09-18,23114,20803,16.07,22.99,6.9,37.145,0.12
603790,732790,雅运股份,2018-08-30,2018-09-12,3680,3312,10.98,15.83,1.3,4.041,0.04
603297,732297,永新光学,2018-08-29,2018-09-10,2100,1890,25.87,22.99,0.8,5.433,0.03
002935,002935,天奥电子,2018-08-23,2018-09-03,2667,2400,19.38,22.99,0.8,5.169,0.03
601068,780068,中铝国际,2018-08-21,2018-08-31,29591,26632,3.45,31.86,8.8,10.209,0.15
603192,732192,汇得科技,2018-08-16,2018-08-28,2667,2400,19.6,22.99,1.0,5.227,0.03
002933,002933,新兴装备,2018-08-15,2018-08-28,2935,2642,22.45,22.99,1.15,6.5889999999999995,0.03
603590,732590,康辰药业,2018-08-14,2018-08-27,4000,3600,24.34,22.99,1.6,9.736,0.04
300724,300724,捷佳伟创,2018-08-01,2018-08-10,8000,7200,14.16,18.47,3.2,11.328,0.05
601606,780606,长城军工,2018-07-25,2018-08-06,14800,13320,3.33,22.93,4.4,4.9319999999999995,0.09
603657,732657,春光科技,2018-07-18,2018-07-30,2400,2160,18.46,22.99,0.9,4.43,0.03
601869,780869,长飞光纤,2018-07-10,2018-07-20,7579,6821,26.71,16.38,2.2,20.244,0.06
603713,732713,密尔克卫,2018-07-04,2018-07-13,3812,3431,11.27,20.53,1.5,4.811,0.04
002932,002932,明德生物,2018-06-29,2018-07-10,1665,1665,20.45,22.99,1.65,3.404,0.01
603105,732105,芯能科技,2018-06-27,2018-07-09,8800,7920,4.83,22.96,2.6,4.25,0.06
603706,732706,东方环宇,2018-06-27,2018-07-09,4000,3600,13.09,22.99,1.6,5.236000000000001,0.03
603693,732693,江苏新能,2018-06-21,2018-07-03,11800,10620,9.0,17.87,3.5,10.706,0.07
603650,732650,彤程新材,2018-06-14,2018-06-27,5880,5292,12.32,22.99,1.7,7.244,0.05
300747,300747,锐科激光,2018-06-13,2018-06-25,3200,2880,38.11,17.96,1.25,12.195,0.03
603587,732587,地素时尚,2018-06-12,2018-06-22,6100,5490,27.52,22.99,1.8,16.787,0.05
601066,780066,中信建投,2018-06-07,2018-06-20,40000,36000,5.42,11.21,12.0,21.68,0.16
601990,780990,南京证券,2018-06-01,2018-06-13,27502,24752,3.79,25.61,8.2,0.0,0.12
603666,732666,亿嘉和,2018-05-31,2018-06-12,1754,1754,34.46,19.5,1.7,6.046,0.02
300750,300750,宁德时代,2018-05-30,2018-06-11,21724,19552,25.14,22.99,6.5,54.615,0.09
601330,780330,绿色动力,2018-05-30,2018-06-11,11620,10458,3.29,19.56,3.4,3.823,0.07
601138,780138,工业富联,2018-05-24,2018-06-08,196953,100610,13.77,17.09,41.3,267.96,0.34
300746,300746,汉嘉设计,2018-05-16,2018-05-25,5260,4734,5.62,21.45,2.1,2.9560000000000004,0.04
603486,732486,科沃斯,2018-05-16,2018-05-28,4010,3609,20.02,22.99,1.2,8.027999999999999,0.04
300745,300745,欣锐科技,2018-05-14,2018-05-23,2863,2577,11.65,17.29,1.1,4.435,0.03
300454,300454,深信服,2018-05-07,2018-05-16,4001,3601,30.07,22.99,1.2,12.030999999999999,0.04
603045,732045,福达合金,2018-05-07,2018-05-17,2458,2212,9.65,20.03,0.9,2.372,0.03
603013,732013,亚普股份,2018-04-25,2018-05-09,6000,5400,11.67,18.0,1.8,7.002000000000001,0.05
300742,300742,越博动力,2018-04-25,2018-05-08,1963,1963,23.34,22.99,1.95,4.582,0.02
603259,732259,药明康德,2018-04-24,2018-05-08,10420,9378,21.6,22.99,3.1,22.506999999999998,0.06
603596,732596,伯特利,2018-04-18,2018-04-27,4086,3677,15.1,22.88,1.2,6.17,0.04
603348,732348,文灿股份,2018-04-16,2018-04-26,5500,4950,15.26,22.99,2.2,8.392999999999999,0.04
603733,732733,仙鹤股份,2018-04-09,2018-04-20,6200,5580,13.59,22.98,1.8,8.426,0.05
603773,732773,沃格光电,2018-04-04,2018-04-17,2365,2129,33.37,15.68,0.9,7.892,0.03
603876,732876,鼎胜新材,2018-04-04,2018-04-18,6500,5850,13.54,22.98,1.9,8.801,0.05
300743,300743,天地数码,2018-04-04,2018-04-27,1650,1650,14.7,22.99,1.65,2.425,0.01
603301,732301,振德医疗,2018-03-29,2018-04-12,2500,2250,19.82,22.99,1.0,4.955,0.03
603897,732897,长城科技,2018-03-28,2018-04-10,4460,4014,17.66,18.71,1.7,7.876,0.04
002931,002931,锋龙股份,2018-03-22,2018-04-03,2222,2000,12.36,22.98,0.85,2.7460000000000004,0.02
603214,732214,爱婴室,2018-03-21,2018-03-30,2500,2250,19.95,22.98,1.0,4.987,0.03
300504,300504,天邑股份,2018-03-21,2018-03-30,6685,6017,13.06,22.98,2.55,8.731,0.04
300634,300634,彩讯股份,2018-03-14,2018-03-23,4001,3601,7.17,22.98,1.2,2.8689999999999998,0.04
002930,002930,宏川智慧,2018-03-14,2018-03-28,6083,5475,8.53,22.97,2.4,5.189,0.04
600929,730929,湖南盐业,2018-03-14,2018-03-26,15000,13500,3.71,22.99,4.5,5.565,0.08
002928,002928,华夏航空,2018-02-14,2018-03-02,4050,3645,20.64,22.99,1.2,8.359,0.04
002929,002929,润建通信,2018-02-13,2018-03-01,5519,4967,23.95,22.99,2.2,13.217,0.04
300741,300741,华宝股份,2018-02-13,2018-03-01,6159,5543,38.6,22.99,1.8,23.774,0.05
603059,732059,倍加洁,2018-02-09,2018-03-02,2000,2000,24.07,22.99,2.0,4.814,0.02
603680,732680,今创集团,2018-02-08,2018-02-27,4200,3780,32.69,22.99,1.2,13.73,0.04
002927,002927,泰永长征,2018-02-07,2018-02-23,2345,2111,14.78,22.99,0.9,3.466,0.02
603712,732712,七一二,2018-02-07,2018-02-26,10000,9000,4.55,22.99,3.0,4.55,0.06
600901,730901,江苏租赁,2018-02-07,2018-03-01,64000,57600,6.25,22.98,19.1,40.0,0.22
603156,732156,养元饮品,2018-01-31,2018-02-12,5381,3875,78.73,17.74,1.6,34.147,0.03
300740,300740,御家汇,2018-01-30,2018-02-08,4000,3600,21.23,22.99,1.6,8.492,0.03
603709,732709,中源家居,2018-01-29,2018-02-08,2000,2000,19.86,22.99,2.0,3.972,0.02
300644,300644,南京聚隆,2018-01-26,2018-02-06,1600,1600,18.03,22.99,1.6,2.885,0.01
603871,732871,嘉友国际,2018-01-25,2018-02-06,2000,2000,41.89,22.99,2.0,8.378,0.02
002926,002926,华西证券,2018-01-24,2018-02-05,52500,47250,9.46,22.97,15.75,0.0,0.16
603506,732506,南都物业,2018-01-23,2018-02-01,1984,1984,16.25,22.98,1.9,3.2239999999999998,0.02
603516,732516,淳中科技,2018-01-23,2018-02-02,2339,2105,19.64,22.99,0.8,4.593,0.03
300739,300739,明阳电路,2018-01-23,2018-02-01,3080,2772,22.3,22.99,1.05,6.867999999999999,0.03
601838,780838,成都银行,2018-01-17,2018-01-31,36123,32510,6.99,9.99,10.8,25.25,0.14
300737,300737,科顺股份,2018-01-16,2018-01-25,15267,13740,9.95,22.98,4.55,15.19,0.07
603356,732356,华菱精工,2018-01-11,2018-01-24,3334,3001,10.21,22.98,1.3,4.289,0.03
603895,732895,天永智能,2018-01-10,2018-01-22,1930,1930,18.33,22.99,1.9,3.5380000000000003,0.02
300738,300738,奥飞数据,2018-01-10,2018-01-19,1632,1632,18.15,22.99,1.6,2.9619999999999997,0.01
300624,300624,万兴科技,2018-01-05,2018-01-18,2000,2000,16.55,22.96,2.0,3.31,0.01
002925,002925,盈趣科技,2018-01-04,2018-01-15,7500,6750,22.5,22.99,2.25,16.875,0.04
603056,732056,德邦股份,2018-01-04,2018-01-16,10000,9000,4.84,22.97,3.0,4.84,0.06
300733,300733,西菱动力,2018-01-04,2018-01-16,4000,3600,12.9,22.98,1.6,5.162999999999999,0.03
601828,780828,美凯龙,2018-01-03,2018-01-17,31500,28350,10.23,19.44,9.4,32.224000000000004,0.12
300736,300736,百邦科技,2017-12-28,2018-01-09,1358,1358,19.18,22.99,1.35,2.6039999999999996,0.01
300664,300664,鹏鹞环保,2017-12-26,2018-01-05,8000,7200,8.88,22.98,2.4,7.104,0.05
603161,732161,科华控股,2017-12-26,2018-01-05,3340,3006,16.75,22.98,1.3,5.595,0.03
002923,002923,润都股份,2017-12-26,2018-01-05,2500,2250,17.01,22.82,1.0,4.253,0.02
603080,732080,新疆火炬,2017-12-21,2018-01-03,3550,3195,13.6,22.99,1.4,4.828,0.03
603329,732329,上海雅仕,2017-12-20,2017-12-29,3300,2970,10.54,22.99,1.3,3.478,0.03
002922,002922,伊戈尔,2017-12-20,2017-12-29,3300,2970,12.41,22.87,1.3,4.095,0.03
300735,300735,光弘科技,2017-12-19,2017-12-29,8868,7981,9.99,22.98,3.5,8.859,0.05
603655,732655,朗博科技,2017-12-19,2017-12-29,2650,2385,6.46,22.96,1.0,1.712,0.03
002921,002921,联诚精密,2017-12-15,2017-12-27,2000,2000,11.55,22.99,2.0,2.31,0.01
300684,300684,中石科技,2017-12-14,2017-12-27,2172,1955,8.0,22.98,0.85,1.7380000000000002,0.02
002920,002920,德赛西威,2017-12-14,2017-12-26,10000,9000,20.42,19.78,3.0,23.73,0.05
603283,732283,赛腾股份,2017-12-13,2017-12-25,4000,3600,6.9,22.98,1.6,2.76,0.03
002918,002918,蒙娜丽莎,2017-12-07,2017-12-19,3943,3549,31.29,22.99,1.55,12.338,0.03
002919,002919,名臣健康,2017-12-07,2017-12-18,2036,1832,12.56,22.99,0.7,2.557,0.02
603477,732477,振静股份,2017-12-06,2017-12-18,6000,5400,5.58,22.98,2.4,3.3480000000000003,0.04
600025,730025,华能水电,2017-12-05,2017-12-15,180000,162000,2.17,76.86,54.0,39.06,0.51
300732,300732,设研院,2017-11-30,2017-12-12,1800,1800,41.42,22.99,1.8,7.456,0.01
603890,732890,春秋电子,2017-11-30,2017-12-12,3425,3083,23.72,22.98,1.3,8.124,0.03
002916,002916,深南电路,2017-11-30,2017-12-13,7000,6300,19.3,22.99,2.8,13.51,0.04
300731,300731,科创新源,2017-11-29,2017-12-08,2200,1980,13.24,22.98,0.85,2.9130000000000003,0.02
002917,002917,金奥博,2017-11-29,2017-12-08,2827,2544,11.64,22.98,0.8,3.2910000000000004,0.03
002915,002915,中欣氟材,2017-11-23,2017-12-05,2800,2520,6.43,22.96,1.1,1.8,0.02
300730,300730,科创信息,2017-11-23,2017-12-05,2324,2092,8.36,22.98,0.9,1.943,0.02
300729,300729,乐歌股份,2017-11-22,2017-12-01,2150,1935,16.06,22.99,0.85,3.4530000000000003,0.02
603917,732917,合力科技,2017-11-22,2017-12-04,2800,2520,14.22,22.99,1.1,3.9819999999999998,0.03
002913,002913,奥士康,2017-11-22,2017-12-01,3601,3241,30.38,22.99,1.4,10.940999999999999,0.03
603711,732711,香飘飘,2017-11-21,2017-11-30,4001,3601,14.18,22.99,1.0,5.672999999999999,0.04
603848,732848,好太太,2017-11-21,2017-12-01,4100,3690,7.89,22.98,1.2,3.235,0.04
603809,732809,豪能股份,2017-11-16,2017-11-28,2667,2400,22.39,22.99,0.9,5.971,0.03
300727,300727,润禾材料,2017-11-15,2017-11-27,2440,2196,8.34,22.98,0.95,2.035,0.02
603685,732685,晨丰科技,2017-11-15,2017-11-27,2500,2250,21.04,22.99,1.0,5.26,0.02
300726,300726,宏达电子,2017-11-10,2017-11-21,4010,3609,11.16,22.98,1.2,4.475,0.03
002911,002911,佛燃股份,2017-11-09,2017-11-22,5600,5040,13.94,22.85,1.65,7.806,0.03
603661,732661,恒林股份,2017-11-09,2017-11-21,2500,2250,56.88,22.98,1.0,14.22,0.02
002912,002912,中新赛克,2017-11-09,2017-11-21,1670,1670,30.22,22.99,1.65,5.047,0.01
601019,780019,山东出版,2017-11-08,2017-11-22,26690,24021,10.16,22.99,8.0,27.116999999999997,0.1
603365,732365,水星家纺,2017-11-08,2017-11-20,6667,6000,16.0,22.98,2.6,10.667,0.04
603970,732970,中农立华,2017-11-07,2017-11-16,3333,3000,12.47,22.98,1.3,7.275,0.03
600933,730933,爱柯迪,2017-11-07,2017-11-17,13824,12442,11.01,20.79,4.1,16.695999999999998,0.06
300723,300723,一品红,2017-11-07,2017-11-16,4000,3600,17.05,22.99,1.6,6.82,0.03
603605,732605,珀莱雅,2017-11-03,2017-11-15,5000,4500,15.34,22.99,2.0,7.67,0.03
002864,002864,盘龙药业,2017-11-02,2017-11-16,2167,1950,10.03,22.98,0.85,2.174,0.02
300721,300721,怡达股份,2017-11-02,2017-11-15,2005,1805,16.71,22.99,0.8,3.35,0.02
603076,732076,乐惠国际,2017-11-01,2017-11-13,1865,1865,19.71,22.99,1.8,3.676,0.01
603278,732278,大业股份,2017-11-01,2017-11-13,5200,4680,15.31,22.95,2.0,7.961,0.03
300725,300725,药石科技,2017-11-01,2017-11-10,1833,1833,11.32,22.99,1.8,2.075,0.01
603083,732083,剑桥科技,2017-10-31,2017-11-10,2447,2202,15.05,22.99,0.9,3.682,0.03
603916,732916,苏博特,2017-10-31,2017-11-10,7600,6840,9.02,22.98,3.0,6.855,0.04
300722,300722,新余国科,2017-10-31,2017-11-10,2000,2000,8.99,22.99,2.0,1.798,0.01
300719,300719,安达维尔,2017-10-27,2017-11-09,4200,3780,12.19,22.99,1.65,5.12,0.03
300716,300716,国立科技,2017-10-27,2017-11-09,2668,2401,12.14,22.98,1.05,3.239,0.02
300720,300720,海川智能,2017-10-26,2017-11-06,1800,1800,11.74,22.84,1.8,2.113,0.01
300717,300717,华信新材,2017-10-26,2017-11-06,1600,1600,14.24,22.99,1.6,2.278,0.01
600903,730903,贵州燃气,2017-10-26,2017-11-07,12195,10975,2.21,22.88,3.6,2.707,0.06
603856,732856,东宏股份,2017-10-25,2017-11-06,4933,4440,10.89,22.98,1.9,7.4,0.03
300718,300718,长盛轴承,2017-10-25,2017-11-06,2500,2250,18.56,22.99,1.0,4.64,0.02
603507,732507,振江股份,2017-10-25,2017-11-06,3141,2827,26.25,22.99,1.2,8.245,0.03
603659,732659,璞泰来,2017-10-24,2017-11-03,6370,5734,16.53,22.99,1.8,10.53,0.04
603937,732937,丽岛新材,2017-10-23,2017-11-02,5222,4700,9.59,22.98,2.0,5.008,0.03
603912,732912,佳力图,2017-10-20,2017-11-01,3700,3330,8.64,22.99,1.4,3.197,0.03
300711,300711,广哈通信,2017-10-20,2017-11-01,3610,3249,8.35,22.99,1.4,3.014,0.03
603289,732289,泰瑞机器,2017-10-19,2017-10-31,5100,4590,7.83,22.98,2.0,3.9930000000000003,0.03
300712,300712,永福股份,2017-10-19,2017-10-31,3502,3152,11.82,22.98,1.4,4.138999999999999,0.03
300713,300713,英可瑞,2017-10-19,2017-11-01,1328,956,40.29,21.95,0.5,4.346,0.02
002910,002910,庄园牧场,2017-10-18,2017-10-31,4684,4216,7.46,22.94,1.85,3.4939999999999998,0.03
603260,732260,合盛硅业,2017-10-18,2017-10-30,7000,6300,19.52,22.99,2.1,13.664000000000001,0.04
603722,732722,阿科力,2017-10-13,2017-10-25,2170,1953,11.24,22.98,0.8,2.439,0.02
603607,732607,京华激光,2017-10-13,2017-10-25,2278,2050,16.04,22.93,0.9,3.655,0.02
002909,002909,集泰股份,2017-10-13,2017-10-26,3000,2700,7.47,22.97,1.2,2.241,0.02
300715,300715,凯伦股份,2017-10-12,2017-10-26,1800,1800,12.5,22.98,1.8,2.25,0.01
601108,780108,财通证券,2017-10-12,2017-10-24,35900,32310,11.38,22.98,10.7,0.0,0.13
603922,732922,金鸿顺,2017-10-11,2017-10-23,3200,2880,17.54,22.98,1.2,5.6129999999999995,0.03
002907,002907,华森制药,2017-10-11,2017-10-20,4006,3605,4.53,22.96,1.15,1.815,0.03
603466,732466,风语筑,2017-10-10,2017-10-20,3600,3240,16.56,22.98,1.4,5.962000000000001,0.03
603683,732683,晶华新材,2017-10-10,2017-10-20,3167,2850,9.34,22.99,1.1,2.958,0.03
002908,002908,德生科技,2017-10-10,2017-10-20,3334,3001,7.58,22.98,1.3,2.5269999999999997,0.02
603396,732396,金辰股份,2017-09-29,2017-10-18,1889,1889,19.47,22.99,1.8,3.678,0.01
300709,300709,精研科技,2017-09-29,2017-10-19,2200,1980,38.7,22.65,0.85,8.514,0.02
300710,300710,万隆光电,2017-09-29,2017-10-19,1750,1750,14.75,22.98,1.75,2.5810000000000004,0.01
300708,300708,聚灿光电,2017-09-28,2017-10-16,6433,5790,2.82,22.93,2.55,1.814,0.04
603829,732829,洛凯股份,2017-09-28,2017-10-17,4000,3600,7.23,22.99,1.6,2.892,0.03
002905,002905,金逸影视,2017-09-28,2017-10-16,4200,3780,20.98,20.63,1.65,8.812000000000001,0.03
002906,002906,华阳集团,2017-09-27,2017-10-13,7310,6579,13.69,22.98,2.15,10.007,0.04
603499,732499,翔港科技,2017-09-27,2017-10-16,2500,2250,9.24,22.97,1.0,2.31,0.02
603110,732110,东方材料,2017-09-26,2017-10-13,2567,2310,13.04,22.98,1.0,3.347,0.03
002903,002903,宇环数控,2017-09-26,2017-10-13,2500,2250,12.78,16.44,1.0,3.195,0.02
300707,300707,威唐工业,2017-09-22,2017-10-10,1965,1965,15.09,22.99,1.95,2.965,0.01
603103,732103,横店影视,2017-09-22,2017-10-12,5300,4770,15.45,22.98,1.5,8.187999999999999,0.04
300705,300705,九典制药,2017-09-21,2017-10-10,2934,2641,10.37,22.97,1.15,3.043,0.03
002902,002902,铭普光磁,2017-09-20,2017-09-29,3500,3150,14.13,22.9,1.4,4.946000000000001,0.02
601086,780086,国芳集团,2017-09-20,2017-09-29,16000,14400,3.16,22.92,4.8,5.056,0.07
603367,732367,辰欣药业,2017-09-19,2017-09-29,10000,9000,11.66,22.98,3.0,11.66,0.05
603378,732378,亚士创能,2017-09-19,2017-09-28,4900,4410,12.94,22.98,1.9,6.341,0.03
603136,732136,天目湖,2017-09-15,2017-09-27,2000,2000,19.68,22.99,2.0,3.9360000000000004,0.01
300706,300706,阿石创,2017-09-15,2017-09-26,1960,1960,9.97,22.98,1.95,1.954,0.01
603363,732363,傲农生物,2017-09-14,2017-09-26,6000,5400,4.79,22.95,1.8,2.8739999999999997,0.04
300654,300654,世纪天鸿,2017-09-14,2017-09-26,2335,2102,7.71,22.98,0.9,1.8,0.02
002901,002901,大博医疗,2017-09-13,2017-09-22,4010,3609,11.56,22.98,1.2,4.636,0.03
603157,732157,拉夏贝尔,2017-09-13,2017-09-25,5477,4929,8.41,9.76,1.6,4.606,0.04
603963,732963,大理药业,2017-09-12,2017-09-22,2500,2250,12.58,20.69,1.0,3.145,0.02
002900,002900,哈三联,2017-09-12,2017-09-22,5277,4750,18.07,22.98,2.1,9.535,0.03
603055,732055,台华新材,2017-09-11,2017-09-21,6760,6084,9.21,22.97,2.0,6.226,0.04
300703,300703,创源文化,2017-09-08,2017-09-19,2000,2000,19.83,22.98,2.0,3.966,0.01
603106,732106,恒银金融,2017-09-08,2017-09-20,7000,6300,10.75,22.99,2.8,7.525,0.04
300702,300702,天宇股份,2017-09-07,2017-09-19,3000,2700,22.41,22.99,1.2,6.723,0.03
603533,732533,掌阅科技,2017-09-07,2017-09-21,4100,3690,4.05,22.96,1.2,1.661,0.04
603813,732813,原尚股份,2017-09-06,2017-09-18,2207,1986,10.17,22.99,0.8,2.245,0.03
603321,732321,梅轮电梯,2017-09-06,2017-09-15,7700,6930,6.07,22.99,3.0,4.6739999999999995,0.04
002893,002893,华通热力,2017-09-06,2017-09-15,3000,2700,8.56,22.97,1.2,2.568,0.02
002899,002899,英派斯,2017-09-05,2017-09-15,3000,2700,16.05,22.99,1.2,4.815,0.02
300701,300701,森霸传感,2017-09-04,2017-09-15,2000,2000,13.14,22.98,2.0,2.628,0.01
603648,732648,畅联股份,2017-09-01,2017-09-13,9217,8295,7.37,22.96,3.6,6.8020000000000005,0.05
300700,300700,岱勒新材,2017-08-31,2017-09-12,2060,1854,10.49,22.98,0.8,2.161,0.02
603386,732386,广东骏亚,2017-08-31,2017-09-12,5050,4545,6.23,22.99,2.0,3.1460000000000004,0.03
002898,002898,赛隆药业,2017-08-30,2017-09-12,4000,3600,8.31,22.98,1.6,3.324,0.03
603277,732277,银都股份,2017-08-30,2017-09-11,6600,5940,12.37,22.99,1.9,8.164,0.05
603882,732882,金域医学,2017-08-29,2017-09-08,6868,6181,6.93,22.97,2.0,4.76,0.05
002897,002897,意华股份,2017-08-29,2017-09-07,2667,2400,20.68,22.99,1.05,5.515,0.02
300695,300695,兆丰股份,2017-08-28,2017-09-08,1668,1668,62.67,22.99,1.65,10.452,0.01
603725,732725,天安新材,2017-08-25,2017-09-06,3668,3301,9.64,22.99,1.4,3.536,0.03
300697,300697,电工合金,2017-08-24,2017-09-07,4000,3600,7.63,22.97,1.6,3.052,0.03
603183,732183,建研院,2017-08-24,2017-09-05,2200,1980,13.56,22.98,0.8,2.983,0.03
603527,732527,众源新材,2017-08-24,2017-09-07,3110,2799,13.27,22.97,1.2,4.127,0.03
603500,732500,祥和实业,2017-08-23,2017-09-04,3150,2835,13.17,22.98,1.2,4.149,0.03
300699,300699,光威复材,2017-08-23,2017-09-01,9200,8280,11.26,22.99,3.65,10.359000000000002,0.05
300698,300698,万马科技,2017-08-22,2017-08-31,3350,3015,6.0,22.98,1.3,2.01,0.03
603359,732359,东珠生态,2017-08-22,2017-09-01,5690,5121,18.18,22.34,2.1,10.344000000000001,0.04
002896,002896,中大力德,2017-08-18,2017-08-29,2000,2000,11.75,22.99,2.0,2.35,0.01
002895,002895,川恒股份,2017-08-16,2017-08-25,4001,3601,7.03,22.99,1.2,2.813,0.03
603127,732127,昭衍新药,2017-08-15,2017-08-25,2050,1845,12.51,22.98,0.7,2.565,0.03
603181,732181,皇马科技,2017-08-14,2017-08-24,5000,4500,10.36,22.99,2.0,5.18,0.03
603079,732079,圣达生物,2017-08-11,2017-08-23,2000,2000,15.09,22.99,2.0,3.0180000000000002,0.02
300696,300696,爱乐达,2017-08-11,2017-08-22,1725,1725,22.38,22.99,1.7,3.861,0.01
002891,002891,中宠股份,2017-08-10,2017-08-21,2500,2250,15.46,22.98,1.0,3.865,0.02
300693,300693,盛弘股份,2017-08-10,2017-08-22,2281,2053,14.42,22.98,0.9,3.2889999999999997,0.02
603976,732976,正川股份,2017-08-10,2017-08-22,2700,2430,14.32,22.99,1.0,3.866,0.03
300692,300692,中环环保,2017-08-09,2017-08-21,2667,2400,8.78,22.97,1.05,2.342,0.03
601949,780949,中国出版,2017-08-09,2017-08-21,36450,32805,3.34,22.96,10.9,12.174000000000001,0.14
603129,732129,春风动力,2017-08-08,2017-08-18,3333,3000,13.63,22.98,1.3,4.543,0.03
603557,732557,起步股份,2017-08-08,2017-08-18,4700,4230,7.73,22.98,1.4,3.633,0.04
002892,002892,科力尔,2017-08-08,2017-08-17,2090,1584,17.56,22.98,0.8,3.141,0.02
603776,732776,永安行,2017-08-07,2017-08-17,2400,2160,26.85,22.99,0.9,6.444,0.03
601326,780326,秦港股份,2017-08-04,2017-08-16,55800,50220,2.34,49.62,16.7,13.057,0.2
603619,732619,中曼石油,2017-08-02,2017-11-17,4000,3600,22.61,22.99,1.2,9.044,0.04
300691,300691,联合光电,2017-08-02,2017-08-11,2140,1926,15.96,22.99,0.85,3.415,0.02
603721,732721,中广天择,2017-08-01,2017-08-11,2500,2250,7.05,22.99,1.0,1.7619999999999998,0.03
300688,300688,创业黑马,2017-07-31,2017-08-10,1700,1700,10.75,22.99,1.7,1.827,0.01
300689,300689,澄天伟业,2017-07-31,2017-08-09,1700,1700,14.39,22.98,1.7,2.4459999999999997,0.01
300690,300690,双一科技,2017-07-28,2017-08-08,1734,1734,32.12,21.12,1.7,5.57,0.01
603458,732458,勘设股份,2017-07-28,2017-08-09,3104,2794,29.36,22.98,1.2,9.116,0.03
603535,732535,嘉诚国际,2017-07-27,2017-08-08,3760,3384,15.17,22.85,1.4,5.704,0.03
603602,732602,纵横通信,2017-07-27,2017-08-10,2000,2000,15.18,22.99,2.0,3.036,0.02
300683,300683,海特生物,2017-07-27,2017-08-08,2584,2326,32.94,22.98,1.0,8.514,0.03
300686,300686,智动力,2017-07-26,2017-08-04,3130,2817,9.39,20.98,1.2,2.9389999999999996,0.03
603880,732880,南卫股份,2017-07-26,2017-08-07,2500,2250,11.72,22.98,1.0,2.93,0.03
603978,732978,深圳新星,2017-07-26,2017-08-07,2000,2000,29.93,22.99,2.0,5.986000000000001,0.02
300687,300687,赛意信息,2017-07-25,2017-08-03,2000,2000,22.14,22.99,2.0,4.428,0.02
002890,002890,弘宇股份,2017-07-24,2017-08-02,1667,1667,12.76,22.99,1.65,2.127,0.01
300685,300685,艾德生物,2017-07-24,2017-08-02,2000,2000,13.86,22.99,2.0,2.772,0.01
603825,732825,华扬联众,2017-07-21,2017-08-02,4000,3600,14.67,22.98,1.6,5.867999999999999,0.03
603860,732860,中公高科,2017-07-21,2017-08-02,1668,1668,15.62,22.99,1.6,2.605,0.01
002887,002887,绿茵生态,2017-07-20,2017-08-01,2000,2000,42.01,22.98,2.0,8.402000000000001,0.01
603357,732357,设计总院,2017-07-20,2017-08-01,8120,7308,10.44,17.61,3.2,8.482999999999999,0.05
300682,300682,朗新科技,2017-07-20,2017-08-01,4500,4050,5.51,22.99,1.35,2.479,0.04
300679,300679,电连技术,2017-07-19,2017-07-31,3000,2700,67.72,22.99,1.2,20.316,0.03
603233,732233,大参林,2017-07-19,2017-07-31,4001,3601,24.72,22.99,1.2,9.89,0.04
603730,732730,岱美股份,2017-07-18,2017-07-28,4800,4320,24.92,22.92,1.4,11.962,0.04
603063,732063,禾望电气,2017-07-18,2017-07-28,6000,5400,13.36,22.98,1.8,8.016,0.05
002889,002889,东方嘉盛,2017-07-18,2017-07-31,3453,3108,12.94,22.98,1.35,4.468,0.03
300681,300681,英搏尔,2017-07-14,2017-07-25,1890,1890,17.46,22.99,1.85,3.3,0.01
300680,300680,隆盛科技,2017-07-13,2017-07-25,1700,1700,8.68,19.29,1.7,1.476,0.01
300678,300678,中科信息,2017-07-13,2017-07-28,2500,2250,7.85,22.99,1.0,1.962,0.03
002888,002888,惠威科技,2017-07-12,2017-07-21,2078,1870,8.97,22.97,0.8,1.864,0.02
300677,300677,英科医疗,2017-07-12,2017-07-21,2431,2188,20.39,22.99,0.95,4.957,0.03
603676,732676,卫信康,2017-07-11,2017-07-21,6300,5670,5.53,22.96,1.8,3.484,0.05
601619,780619,嘉泽新能,2017-07-10,2017-07-20,19371,17434,1.26,17.87,5.8,2.441,0.09
603707,732707,健友股份,2017-07-07,2017-07-19,6350,5715,7.21,22.98,1.9,4.578,0.05
603612,732612,索通发展,2017-07-06,2017-07-18,6020,5418,7.88,22.97,2.3,4.744,0.04
603387,732387,基蛋生物,2017-07-05,2017-07-17,3300,2970,22.25,22.99,1.3,7.343,0.03
300675,300675,建科院,2017-07-05,2017-07-19,3667,3300,3.66,22.96,1.35,1.3419999999999999,0.03
300676,300676,华大基因,2017-07-05,2017-07-14,4010,3609,13.64,22.99,1.2,5.47,0.04
300673,300673,佩蒂股份,2017-06-30,2017-07-11,2000,2000,22.34,22.99,2.0,4.468,0.02
603595,732595,东尼电子,2017-06-30,2017-07-12,2500,2250,13.01,22.99,1.0,3.252,0.03
603757,732757,大元泵业,2017-06-29,2017-07-11,2100,1890,22.42,16.3,0.8,4.708,0.03
002884,002884,凌霄泵业,2017-06-29,2017-07-11,1937,1937,29.11,16.44,1.9,5.638999999999999,0.01
603305,732305,旭升股份,2017-06-28,2017-07-10,4160,3744,11.26,22.98,1.2,4.684,0.04
300672,300672,国科微,2017-06-28,2017-07-12,2794,2515,8.48,22.98,1.1,2.369,0.03
603933,732933,睿能科技,2017-06-26,2017-07-06,2567,2310,20.2,22.99,1.0,5.185,0.03
603331,732331,百达精工,2017-06-23,2017-07-05,3181,2863,9.63,22.98,1.2,3.0639999999999996,0.03
300671,300671,富满电子,2017-06-23,2017-07-05,2535,2282,8.11,22.97,1.0,2.056,0.03
300670,300670,大烨智能,2017-06-22,2017-07-03,2700,2430,10.93,22.98,1.05,2.951,0.03
603617,732617,君禾股份,2017-06-21,2017-07-03,2500,2250,8.93,17.53,1.0,2.234,0.03
603801,732801,志邦家居,2017-06-20,2017-06-30,4000,3600,23.47,22.92,1.6,9.391,0.03
300669,300669,沪宁股份,2017-06-19,2017-06-29,2105,1895,11.0,22.96,0.8,2.316,0.02
603938,732938,三孚股份,2017-06-16,2017-06-28,3756,3380,9.64,22.99,1.4,3.62,0.03
603043,732043,广州酒家,2017-06-15,2017-06-27,5000,4500,13.18,20.28,1.5,6.59,0.04
002885,002885,京泉华,2017-06-15,2017-06-27,2000,2000,15.53,22.61,2.0,3.1060000000000003,0.01
603286,732286,日盈电子,2017-06-15,2017-06-27,2202,1982,7.93,22.97,0.8,1.746,0.03
002886,002886,沃特股份,2017-06-14,2017-06-27,1961,1961,13.24,22.99,1.9,2.596,0.01
601878,780878,浙商证券,2017-06-13,2017-06-26,33333,30000,8.45,22.98,10.0,28.166999999999998,0.13
002882,002882,金龙羽,2017-06-13,2017-07-17,8000,7200,6.2,22.96,2.4,4.96,0.05
603380,732380,易德龙,2017-06-12,2017-06-22,4000,3600,10.68,22.99,1.6,4.272,0.03
603335,732335,迪生力,2017-06-09,2017-06-20,6334,5701,3.62,18.33,2.5,2.375,0.04
002881,002881,美格智能,2017-06-09,2017-06-22,2667,2400,8.96,22.98,1.05,2.9010000000000002,0.02
603679,732679,华体科技,2017-06-09,2017-06-21,2500,2250,9.44,22.99,1.0,2.36,0.03
002883,002883,中设股份,2017-06-08,2017-06-20,1333,1333,15.67,22.98,1.3,2.089,0.01
300667,300667,必创科技,2017-06-07,2017-06-19,1700,1700,10.75,22.97,1.7,1.827,0.01
603316,732316,诚邦股份,2017-06-07,2017-06-19,5082,4574,6.82,22.98,2.0,3.466,0.04
300668,300668,杰恩设计,2017-06-06,2017-06-19,1058,1058,20.92,22.99,1.05,2.213,0.01
603980,732980,吉华集团,2017-06-05,2017-06-15,10000,9000,17.2,22.98,3.0,17.2,0.06
603226,732226,菲林格尔,2017-06-05,2017-06-15,2167,1950,17.56,22.99,0.8,3.805,0.03
300666,300666,江丰电子,2017-06-05,2017-06-15,5469,4922,4.64,22.98,2.15,2.5380000000000003,0.04
603879,732879,永悦科技,2017-06-02,2017-06-14,3600,3240,6.75,22.97,1.4,2.43,0.03
002880,002880,卫光生物,2017-06-02,2017-06-16,2700,2430,25.11,18.88,1.0,6.78,0.03
603767,732767,中马传动,2017-06-01,2017-06-13,5333,4800,11.19,22.98,2.1,5.968,0.04
603536,732536,惠发股份,2017-06-01,2017-06-13,3000,2700,7.63,22.97,1.2,2.289,0.03
002879,002879,长缆科技,2017-06-01,2017-07-07,3500,3150,18.02,22.99,1.4,6.307,0.03
300665,300665,飞鹿股份,2017-05-31,2017-06-13,1900,1900,10.13,22.95,1.9,1.925,0.01
300663,300663,科蓝软件,2017-05-25,2017-06-08,3286,2957,7.27,22.99,1.3,2.3890000000000002,0.03
300662,300662,科锐国际,2017-05-25,2017-06-08,4500,4050,6.55,22.97,1.8,2.947,0.03
603496,732496,恒为科技,2017-05-24,2017-06-07,2500,2250,14.14,22.98,1.0,3.535,0.03
002877,002877,智能自控,2017-05-23,2017-06-05,3056,2750,8.4,22.99,1.2,2.5669999999999997,0.03
300661,300661,圣邦股份,2017-05-22,2017-06-06,1500,1500,29.82,22.99,1.5,4.473,0.01
002878,002878,元隆雅图,2017-05-19,2017-06-06,1884,1884,14.48,22.75,1.85,2.728,0.01
300660,300660,江苏雷利,2017-05-19,2017-06-02,2527,2274,50.19,22.99,1.0,12.683,0.03
603042,732042,华脉科技,2017-05-19,2017-06-02,3400,3060,11.26,22.98,1.3,3.8280000000000003,0.03
603326,732326,我乐家居,2017-05-18,2017-06-16,4000,3600,9.87,22.97,1.6,3.948,0.03
002875,002875,安奈儿,2017-05-18,2017-06-01,2500,2250,17.07,22.99,1.0,4.268,0.02
603200,732200,上海洗霸,2017-05-18,2017-06-01,1843,1843,17.35,22.98,1.8,3.198,0.01
300658,300658,延江股份,2017-05-17,2017-06-02,2500,2250,19.41,22.84,1.0,4.853,0.02
300659,300659,中孚信息,2017-05-17,2017-05-26,2040,1836,12.85,22.98,0.8,2.6210000000000004,0.02
603196,732196,日播时尚,2017-05-17,2017-05-31,6000,5400,7.08,22.99,2.4,4.248,0.04
002876,002876,三利谱,2017-05-16,2017-05-25,2000,2000,19.12,22.99,2.0,3.824,0.01
603580,732580,艾艾精工,2017-05-15,2017-05-25,1667,1667,9.81,22.98,1.6,1.635,0.01
603855,732855,华荣股份,2017-05-12,2017-05-24,8277,7449,7.59,22.98,3.3,6.282,0.05
300657,300657,弘信电子,2017-05-12,2017-05-23,2600,2340,7.77,22.94,1.0,2.02,0.03
300655,300655,晶瑞股份,2017-05-11,2017-05-23,2206,1986,6.92,22.98,0.8,1.527,0.03
603383,732383,顶点软件,2017-05-10,2017-05-22,2105,1895,19.05,22.98,0.8,4.01,0.02
002872,002872,天圣制药,2017-05-10,2017-05-19,5300,4770,22.37,22.98,2.1,11.856,0.03
300656,300656,民德电子,2017-05-09,2017-05-19,1500,1500,15.6,22.84,1.5,2.34,0.01
603197,732197,保隆科技,2017-05-09,2017-05-19,2928,2635,22.87,21.66,1.1,6.787000000000001,0.03
002873,002873,新天药业,2017-05-08,2017-05-19,1722,1722,18.41,22.99,1.7,3.17,0.01
603269,732269,海鸥股份,2017-05-05,2017-05-17,2287,2058,8.76,22.99,0.9,2.003,0.02
603758,732758,秦安股份,2017-05-05,2017-05-17,6000,5400,10.8,21.96,1.8,6.492000000000001,0.04
300652,300652,雷迪克,2017-05-05,2017-05-16,2200,1980,15.88,21.96,0.85,3.5,0.02
603488,732488,展鹏科技,2017-05-04,2017-05-16,5200,4680,7.67,22.99,2.0,3.988,0.03
002870,002870,香山股份,2017-05-04,2017-05-15,2767,2490,20.44,22.99,1.1,5.656000000000001,0.02
601952,780952,苏垦农发,2017-05-03,2017-05-15,26000,23400,9.32,22.12,7.8,24.232,0.1
300653,300653,正海生物,2017-05-03,2017-05-16,2000,2000,11.72,22.98,2.0,2.344,0.01
603180,732180,金牌厨柜,2017-05-02,2017-05-12,1700,1700,27.85,22.99,1.7,4.734,0.01
002871,002871,伟隆股份,2017-05-02,2017-05-11,1700,1700,15.39,21.31,1.7,2.616,0.01
002869,002869,金溢科技,2017-05-02,2017-05-15,2952,2657,21.8,22.99,1.15,6.435,0.02
603113,732113,金能科技,2017-04-28,2017-05-11,7730,6957,13.37,22.98,2.3,10.335,0.05
603086,732086,先达股份,2017-04-28,2017-05-11,2000,2000,17.64,15.26,2.0,3.528,0.01
603926,732926,铁流股份,2017-04-27,2017-05-10,3000,2700,20.4,22.98,1.2,6.12,0.03
603896,732896,寿仙谷,2017-04-27,2017-05-10,3495,3146,11.54,22.98,1.3,4.033,0.03
603728,732728,鸣志电器,2017-04-26,2017-05-09,8000,7200,11.23,22.98,3.2,8.984,0.04
603229,732229,奥翔药业,2017-04-26,2017-05-09,4000,3600,7.81,22.98,1.6,3.1239999999999997,0.03
300651,300651,金陵体育,2017-04-24,2017-05-09,1893,1893,13.71,22.98,1.85,2.596,0.01
603985,732985,恒润股份,2017-04-24,2017-05-05,2000,2000,26.97,22.99,2.0,5.394,0.01
300649,300649,杭州园林,2017-04-24,2017-05-05,1600,1600,9.04,22.97,1.6,1.446,0.01
300650,300650,太龙照明,2017-04-21,2017-05-03,1579,1579,13.95,22.99,1.55,2.202,0.01
300643,300643,万通智控,2017-04-21,2017-05-05,5000,4500,4.3,22.01,2.0,2.15,0.03
603501,732501,韦尔股份,2017-04-21,2017-05-04,4160,3744,7.02,22.99,1.2,2.92,0.04
002868,002868,绿康生化,2017-04-20,2017-05-03,3000,2700,15.2,20.5,1.2,4.56,0.02
300647,300647,超频三,2017-04-20,2017-05-03,3000,2700,8.96,22.99,1.2,2.688,0.03
603505,732505,金石资源,2017-04-20,2017-05-03,6000,5400,3.74,22.94,2.4,2.244,0.04
603320,732320,迪贝电气,2017-04-19,2017-05-02,2500,2250,9.93,22.98,1.0,2.4819999999999998,0.02
002867,002867,周大生,2017-04-18,2017-04-27,7685,6917,19.92,22.99,2.15,15.309000000000001,0.04
603787,732787,新日股份,2017-04-17,2017-04-27,5100,4590,6.09,22.97,2.0,3.1060000000000003,0.03
300514,300514,友讯达,2017-04-17,2017-04-26,2500,2250,8.46,22.98,1.0,2.115,0.02
002866,002866,传艺科技,2017-04-17,2017-04-26,3591,3232,13.4,22.99,1.4,4.811,0.02
603096,732096,新经典,2017-04-14,2017-04-25,3336,3002,21.55,21.22,1.3,7.189,0.03
002865,002865,钧达股份,2017-04-14,2017-04-25,3000,2700,9.05,22.07,1.2,2.715,0.02
603920,732920,世运电路,2017-04-14,2017-04-26,8880,7992,15.08,22.98,2.6,13.390999999999998,0.05
300648,300648,星云股份,2017-04-13,2017-04-25,1700,1700,15.74,22.99,1.7,2.676,0.01
300642,300642,透景生命,2017-04-12,2017-04-21,1500,1500,36.1,22.99,1.5,5.415,0.01
300645,300645,正元智慧,2017-04-12,2017-04-21,1667,1667,12.35,22.98,1.65,2.0580000000000003,0.01
603232,732232,格尔软件,2017-04-11,2017-04-21,1525,1525,18.1,22.91,1.5,2.76,0.01
300554,300554,三超新材,2017-04-11,2017-04-21,1300,1300,14.99,22.99,1.3,1.949,0.01
603081,732081,大丰实业,2017-04-10,2017-04-20,5180,4662,10.42,22.98,1.5,5.398,0.04
603139,732139,康惠制药,2017-04-10,2017-04-21,2497,2247,14.57,22.98,0.9,3.638,0.03
603803,732803,瑞斯康达,2017-04-07,2017-04-20,5680,5112,13.72,22.98,1.6,7.792999999999999,0.04
603225,732225,新凤鸣,2017-04-07,2017-04-18,7730,6957,26.68,22.99,2.3,20.624000000000002,0.05
300641,300641,正丹股份,2017-04-06,2017-04-18,7200,6480,10.73,22.98,2.85,7.726,0.04
002863,002863,今飞凯达,2017-04-06,2017-04-18,5550,4995,5.48,21.92,2.05,3.0410000000000004,0.03
300640,300640,德艺文创,2017-04-05,2017-04-17,2000,2000,9.41,22.98,2.0,1.882,0.01
300604,300604,长川科技,2017-04-05,2017-04-17,1905,1905,9.94,22.97,1.9,1.8940000000000001,0.01
002861,002861,瀛通通讯,2017-03-31,2017-04-13,3068,2761,17.25,22.7,1.2,5.292000000000001,0.02
603826,732826,坤彩科技,2017-03-31,2017-04-14,9000,8100,6.79,22.97,3.6,6.111000000000001,0.05
603050,732050,科林电气,2017-03-31,2017-04-14,3334,3001,10.29,22.99,1.3,3.431,0.03
300637,300637,扬帆新材,2017-03-30,2017-04-12,3000,2700,10.02,19.95,1.2,3.0060000000000002,0.03
603797,732797,联泰环保,2017-03-30,2017-04-13,5334,4801,5.96,22.98,2.1,3.179,0.03
300639,300639,凯普生物,2017-03-30,2017-04-12,2250,2025,18.39,22.99,0.75,4.138,0.03
002862,002862,实丰文化,2017-03-29,2017-04-11,2000,2000,11.17,22.98,2.0,2.234,0.01
002860,002860,星帅尔,2017-03-29,2017-04-12,1899,1368,19.81,20.74,0.75,3.141,0.02
601366,780366,利群股份,2017-03-29,2017-04-12,17600,15840,8.82,22.98,5.2,15.523,0.08
300638,300638,广和通,2017-03-27,2017-04-13,2000,2000,10.45,22.97,2.0,2.09,0.01
603078,732078,江化微,2017-03-27,2017-04-10,1500,1500,24.18,22.99,1.5,3.627,0.01
603538,732538,美诺华,2017-03-24,2017-04-07,3000,2700,14.03,22.98,1.2,4.209,0.03
300632,300632,光莆股份,2017-03-24,2017-04-06,2895,2606,7.39,22.96,1.15,2.1390000000000002,0.03
300633,300633,开立医疗,2017-03-24,2017-04-06,4001,3601,5.23,22.97,1.15,2.093,0.03
603906,732906,龙蟠科技,2017-03-23,2017-04-10,5200,4680,9.52,22.99,2.0,4.95,0.03
603586,732586,金麒麟,2017-03-23,2017-04-06,5250,4725,21.37,22.98,2.1,11.219000000000001,0.03
300635,300635,达安股份,2017-03-23,2017-03-31,2120,1908,12.39,19.51,0.8,2.627,0.02
603385,732385,惠达卫浴,2017-03-22,2017-04-05,7104,6394,13.27,21.4,2.8,9.427,0.04
603385,732385,惠达卫浴,2017-03-22,2017-04-05,7104,6394,13.27,21.4,2.8,9.427,0.04
300636,300636,同和药业,2017-03-21,2017-03-31,2000,2000,14.47,22.98,2.0,2.8939999999999997,0.01
603041,732041,美思德,2017-03-20,2017-03-30,2500,2250,12.92,20.01,1.0,3.23,0.02
603303,732303,得邦照明,2017-03-20,2017-03-30,6000,5400,18.63,15.1,2.4,11.177999999999999,0.04
601228,780228,广州港,2017-03-17,2017-03-29,69868,62881,2.29,22.98,20.9,16.0,0.22
603833,732833,欧派家居,2017-03-16,2017-03-28,4151,3736,50.08,22.99,1.2,20.788,0.04
603178,732178,圣龙股份,2017-03-16,2017-03-28,5000,4500,7.53,22.99,2.0,3.765,0.03
603717,732717,天域生态,2017-03-15,2017-03-27,4318,3886,14.63,22.99,1.7,6.317,0.03
002858,002858,力盛赛车,2017-03-15,2017-03-24,1580,1580,10.67,22.98,1.55,1.686,0.01
002774,002774,快意电梯,2017-03-15,2017-03-24,8370,7533,6.1,22.98,3.3,5.106,0.04
603768,732768,常青股份,2017-03-14,2017-03-24,5100,4590,16.32,22.99,2.0,8.323,0.03
300630,300630,普利制药,2017-03-14,2017-03-28,3053,2748,11.49,22.99,1.2,3.508,0.03
603388,732388,元成股份,2017-03-14,2017-03-24,2500,2250,12.1,22.99,1.0,3.025,0.02
300631,300631,久吾高科,2017-03-13,2017-03-23,1610,1610,11.97,22.98,1.6,1.9269999999999998,0.01
300629,300629,新劲刚,2017-03-13,2017-03-24,1667,1667,8.28,22.97,1.65,1.38,0.01
300627,300627,华测导航,2017-03-10,2017-03-21,2980,2682,12.77,22.17,1.15,3.805,0.03
002857,002857,三晖电气,2017-03-10,2017-03-23,2000,2000,10.26,22.98,2.0,2.052,0.01
603656,732656,泰禾光电,2017-03-09,2017-03-21,1899,1899,21.91,22.98,1.8,4.1610000000000005,0.02
300626,300626,华瑞股份,2017-03-09,2017-03-20,2500,2250,7.5,22.98,1.0,1.875,0.02
002856,002856,美芝股份,2017-03-08,2017-03-20,2534,2281,11.61,22.99,1.0,2.9419999999999997,0.02
603133,732133,碳元科技,2017-03-08,2017-03-20,5200,4680,7.87,22.98,2.0,4.092,0.04
002855,002855,捷荣技术,2017-03-08,2017-03-21,6000,5400,6.54,22.99,2.4,3.924,0.03
603517,732517,绝味食品,2017-03-07,2017-03-17,5000,4500,16.09,22.99,1.5,8.045,0.04
300625,300625,三雄极光,2017-03-07,2017-03-17,7000,6300,19.3,22.99,2.8,13.51,0.04
603179,732179,新泉股份,2017-03-07,2017-03-17,3985,3587,14.01,20.26,1.5,5.582999999999999,0.03
300628,300628,亿联网络,2017-03-06,2017-03-17,1867,1867,88.67,15.76,1.85,16.555,0.01
300621,300621,维业股份,2017-03-03,2017-03-16,3400,3060,8.6,22.99,1.35,2.924,0.03
300623,300623,捷捷微电,2017-03-03,2017-03-14,2360,2124,27.63,22.99,0.85,6.521,0.03
603811,732811,诚意药业,2017-03-03,2017-03-15,2130,1917,15.76,20.67,0.8,3.3569999999999998,0.03
300622,300622,博士眼镜,2017-03-02,2017-03-15,2145,1931,9.83,22.98,0.8,2.109,0.03
603960,732960,克来机电,2017-03-02,2017-03-14,2000,2000,9.51,22.99,2.0,1.902,0.02
603903,732903,中持股份,2017-03-02,2017-03-14,2561,2305,9.88,22.98,1.0,2.53,0.03
603630,732630,拉芳家化,2017-03-01,2017-03-13,4360,3924,18.39,22.99,1.5,8.017999999999999,0.04
603665,732665,康隆达,2017-03-01,2017-03-13,2500,2250,21.4,22.99,1.0,5.35,0.03
300620,300620,光库科技,2017-03-01,2017-03-10,2200,1980,11.43,22.99,0.85,2.515,0.02
603955,732955,大千生态,2017-02-28,2017-03-10,2175,1958,15.26,22.97,0.7,3.319,0.03
002852,002852,道道全,2017-02-28,2017-03-10,2500,2250,47.3,22.99,1.0,11.825,0.02
603991,732991,至正股份,2017-02-24,2017-03-08,1870,1870,10.61,22.99,1.8,1.984,0.02
002853,002853,皮阿诺,2017-02-24,2017-03-10,1560,1560,31.03,22.99,1.55,4.841,0.01
603908,732908,牧高笛,2017-02-23,2017-03-07,1669,1669,16.37,22.99,1.6,2.7319999999999998,0.01
300616,300616,尚品宅配,2017-02-23,2017-03-07,2700,2430,54.35,22.99,1.0,14.675,0.03
300618,300618,寒锐钴业,2017-02-23,2017-03-06,3000,2700,12.45,22.99,1.2,3.735,0.03
603578,732578,三星新材,2017-02-22,2017-03-06,2200,1980,12.26,22.99,0.8,2.697,0.03
603138,732138,海量数据,2017-02-22,2017-03-06,2050,1845,9.99,19.82,0.8,2.048,0.02
002851,002851,麦格米特,2017-02-22,2017-03-06,4450,4005,12.17,22.99,1.75,5.416,0.03
002850,002850,科达利,2017-02-21,2017-03-02,3500,3150,37.7,22.99,1.4,13.195,0.03
300619,300619,金银河,2017-02-15,2017-03-01,1868,1868,10.98,22.98,1.85,2.051,0.01
300617,300617,安靠智电,2017-02-15,2017-02-28,1667,1667,24.38,22.99,1.65,4.064,0.01
603345,732345,安井食品,2017-02-10,2017-02-22,5401,4861,11.12,22.99,2.1,6.006,0.04
603238,732238,诺邦股份,2017-02-10,2017-02-22,3000,2700,13.31,22.99,1.2,3.9930000000000003,0.03
600939,730939,重庆建工,2017-02-09,2017-02-21,18150,16335,3.12,22.92,5.4,5.662999999999999,0.09
300611,300611,美力科技,2017-02-09,2017-02-20,2237,2013,11.97,22.99,0.85,2.678,0.03
300613,300613,富瀚微,2017-02-08,2017-02-20,1111,1111,55.64,22.99,1.1,6.182,0.01
603817,732817,海峡环保,2017-02-08,2017-02-20,11250,10125,4.04,22.99,3.3,4.545,0.06
603603,732603,博天环境,2017-02-07,2017-02-17,4001,3601,6.74,22.97,1.2,2.697,0.04
002849,002849,威星智能,2017-02-07,2017-02-17,2167,1950,12.08,22.99,0.8,2.617,0.02
300612,300612,宣亚国际,2017-02-03,2017-02-15,1800,1800,16.14,22.98,1.8,2.905,0.02
300615,300615,欣天科技,2017-02-03,2017-02-15,2000,2000,14.37,22.98,2.0,2.8739999999999997,0.02
601212,780212,白银有色,2017-02-03,2017-02-15,69800,62820,1.78,556.25,20.9,12.424000000000001,0.25
300609,300609,汇纳科技,2017-01-26,2017-02-15,2500,2250,8.12,22.97,1.0,2.03,0.03
002848,002848,高斯贝尔,2017-01-26,2017-02-13,4180,3762,6.31,22.98,1.65,2.638,0.03
300610,300610,晨化股份,2017-01-25,2017-02-13,2500,2250,10.57,22.98,1.0,2.6430000000000002,0.03
603330,732330,上海天洋,2017-01-25,2017-02-13,1500,1500,18.19,22.99,1.5,2.728,0.01
603615,732615,茶花股份,2017-01-25,2017-02-13,6000,5400,8.37,22.98,2.4,5.022,0.04
300608,300608,思特奇,2017-01-24,2017-02-13,1686,1686,16.16,22.98,1.65,2.7239999999999998,0.01
603839,732839,安正时尚,2017-01-24,2017-02-14,7126,6413,16.78,22.98,2.8,11.957,0.05
603208,732208,江山欧派,2017-01-24,2017-02-10,2021,1819,24.83,22.99,0.7,5.018,0.03
603040,732040,新坐标,2017-01-23,2017-02-09,1500,1500,16.44,22.99,1.5,2.4659999999999997,0.01
300607,300607,拓斯达,2017-01-23,2017-02-09,1812,1812,18.74,22.98,1.8,3.3960000000000004,0.01
603626,732626,科森科技,2017-01-23,2017-02-09,5267,4740,18.85,20.75,2.1,9.927999999999999,0.04
300601,300601,康泰生物,2017-01-20,2017-02-07,4200,3780,3.29,22.94,1.25,1.382,0.04
603637,732637,镇海股份,2017-01-20,2017-02-08,2558,2302,13.86,22.99,1.0,3.545,0.03
300605,300605,恒锋信息,2017-01-20,2017-02-08,2100,1890,9.4,22.97,0.8,1.974,0.03
002847,002847,盐津铺子,2017-01-19,2017-02-08,3100,2790,9.14,22.99,1.2,2.833,0.03
002846,002846,英联股份,2017-01-19,2017-02-07,3000,2700,8.33,22.96,1.2,2.499,0.03
603177,732177,德创环保,2017-01-19,2017-02-07,5050,4545,3.6,22.97,2.0,1.818,0.04
603360,732360,百傲化学,2017-01-18,2017-02-06,3334,3001,9.24,22.92,1.3,3.082,0.03
603677,732677,奇精机械,2017-01-18,2017-02-06,2000,2000,21.13,22.99,2.0,4.226,0.02
300606,300606,金太阳,2017-01-18,2017-02-08,2230,2007,8.36,22.97,0.8,1.864,0.03
300603,300603,立昂技术,2017-01-17,2017-01-26,2570,2313,4.55,22.99,1.0,1.169,0.03
300603,300603,立昂技术,2017-01-17,2017-01-26,2570,2313,4.55,22.99,1.0,1.169,0.03
300602,300602,飞荣达,2017-01-17,2017-01-26,2500,2250,14.82,15.1,1.0,3.705,0.03
300578,300578,会畅通讯,2017-01-16,2017-01-25,1800,1800,9.7,22.97,1.8,1.746,0.01
300600,300600,瑞特股份,2017-01-16,2017-01-25,2500,2250,13.73,17.35,1.0,3.4330000000000003,0.03
603089,732089,正裕工业,2017-01-16,2017-01-26,2667,2400,11.63,20.11,0.9,3.2110000000000003,0.03
603358,732358,华达科技,2017-01-13,2017-01-25,4000,3600,31.18,19.83,1.6,12.472000000000001,0.03
603966,732966,法兰泰克,2017-01-13,2017-01-25,4000,3600,7.32,22.88,1.6,2.928,0.03
002845,002845,同兴达,2017-01-13,2017-01-25,2400,2160,15.99,22.99,0.95,3.838,0.02
603429,732429,集友股份,2017-01-12,2017-01-24,1700,1700,15.0,22.97,1.7,2.55,0.01
002839,002839,张家港行,2017-01-12,2017-01-24,18076,16268,4.37,14.64,5.4,7.899,0.07
300597,300597,吉大通信,2017-01-12,2017-01-23,6000,5400,5.53,22.99,2.4,3.318,0.04
601881,780881,中国银河,2017-01-11,2017-01-23,60000,54000,6.81,7.02,18.0,40.86,0.21
300598,300598,诚迈科技,2017-01-11,2017-01-20,2000,2000,8.73,22.99,2.0,1.746,0.02
300599,300599,雄塑科技,2017-01-11,2017-01-23,7600,6840,7.04,22.98,3.0,5.35,0.04
603638,732638,艾迪精密,2017-01-10,2017-01-20,4400,3960,6.58,22.98,1.7,2.895,0.03
603037,732037,凯众股份,2017-01-10,2017-01-20,2000,2000,16.01,22.98,2.0,3.202,0.02
002843,002843,泰嘉股份,2017-01-10,2017-01-20,3500,3150,6.08,22.96,1.4,2.128,0.03
603337,732337,杰克股份,2017-01-09,2017-01-19,5167,4650,17.72,22.99,2.0,9.156,0.04
002841,002841,视源股份,2017-01-09,2017-01-19,4050,3645,19.06,22.99,1.15,7.718999999999999,0.03
300592,300592,华凯创意,2017-01-09,2017-01-20,3060,2754,5.21,22.95,1.2,1.5959999999999999,0.03
300596,300596,利安隆,2017-01-06,2017-01-19,3000,2700,11.29,19.17,1.2,3.387,0.03
601858,780858,中国科传,2017-01-06,2017-01-18,13050,11745,6.84,22.97,3.9,8.926,0.07
300595,300595,欧普康视,2017-01-06,2017-01-17,1700,1700,23.81,20.36,1.7,4.048,0.01
603165,732165,荣晟环保,2017-01-05,2017-01-17,3168,2851,10.44,17.13,1.2,3.307,0.03
002842,002842,翔鹭钨业,2017-01-05,2017-01-19,2500,2250,11.42,22.98,1.0,2.855,0.02
603668,732668,天马科技,2017-01-05,2017-01-17,5300,4770,6.21,22.97,2.1,3.2910000000000004,0.04
300593,300593,新雷能,2017-01-04,2017-01-13,2889,2600,6.53,22.99,1.15,1.8869999999999998,0.03
300589,300589,江龙船艇,2017-01-04,2017-01-13,2167,1950,6.34,22.98,0.85,1.374,0.02
603038,732038,华立股份,2017-01-04,2017-01-16,1670,1670,23.26,22.98,1.6,3.884,0.01
603039,732039,泛微网络,2017-01-03,2017-01-13,1667,1667,14.9,22.99,1.6,2.484,0.01
603690,732690,至纯科技,2017-01-03,2017-01-13,5200,4680,1.73,22.88,2.0,0.9,0.04
002824,002824,和胜股份,2017-01-03,2017-01-12,3000,2700,9.8,22.98,1.2,2.94,0.02
300584,300584,海辰药业,2016-12-30,2017-01-12,2000,2000,11.11,22.99,2.0,2.222,0.02
603639,732639,海利尔,2016-12-30,2017-01-12,3000,2700,24.95,22.95,1.2,7.485,0.03
300580,300580,贝斯特,2016-12-30,2017-01-11,5000,4500,9.59,22.98,1.5,4.795,0.04
300590,300590,移为通信,2016-12-29,2017-01-11,2000,2000,28.48,22.99,2.0,5.696000000000001,0.02
603628,732628,清源股份,2016-12-29,2017-01-12,6845,6161,5.57,22.99,2.7,3.813,0.04
603579,732579,荣泰健康,2016-12-29,2017-01-11,1750,1750,44.66,22.89,1.7,7.816,0.02
300591,300591,万里马,2016-12-28,2017-01-10,6000,5400,3.07,22.98,2.4,1.8419999999999999,0.04
603689,732689,皖天然气,2016-12-28,2017-01-10,8400,7560,7.87,22.98,3.3,6.611000000000001,0.05
603266,732266,天龙股份,2016-12-28,2017-01-10,2500,2250,14.63,22.99,1.0,3.658,0.03
002840,002840,华统股份,2016-12-27,2017-01-10,4467,4020,6.55,22.97,1.75,2.926,0.03
603877,732877,太平鸟,2016-12-27,2017-01-09,5500,4950,21.3,22.97,1.6,11.715,0.04
300583,300583,赛托生物,2016-12-27,2017-01-06,2667,2400,40.29,22.99,0.95,10.744000000000002,0.03
300587,300587,天铁股份,2016-12-26,2017-01-05,2600,2340,14.11,22.98,1.0,3.6689999999999996,0.03
603228,732228,景旺电子,2016-12-26,2017-01-06,4800,4320,23.16,22.97,1.4,11.117,0.04
002838,002838,道恩股份,2016-12-26,2017-01-06,2100,1890,15.28,22.99,0.8,3.2089999999999996,0.02
603032,732032,德新交运,2016-12-23,2017-01-05,3334,3001,5.81,20.93,1.3,1.984,0.03
603035,732035,常熟汽饰,2016-12-23,2017-01-05,7000,6300,10.44,15.09,2.8,7.31,0.04
300588,300588,熙菱信息,2016-12-23,2017-01-05,2500,2250,4.94,22.98,1.0,1.235,0.03
603186,732186,华正新材,2016-12-22,2017-01-03,3235,2912,5.37,22.97,1.2,1.7369999999999999,0.03
603444,732444,吉比特,2016-12-22,2017-01-04,1780,1780,54.0,22.96,1.7,9.612,0.02
300586,300586,美联新材,2016-12-22,2017-01-04,2400,2160,9.3,22.99,0.95,2.2319999999999998,0.03
603239,732239,浙江仙通,2016-12-21,2016-12-30,2256,2030,21.84,22.99,0.8,4.927,0.03
002836,002836,新宏泽,2016-12-21,2016-12-29,2000,2000,8.09,17.74,2.0,1.618,0.01
603929,732929,亚翔集成,2016-12-20,2016-12-30,5336,4802,4.94,13.35,2.1,2.641,0.04
300585,300585,奥联电子,2016-12-20,2016-12-29,2000,2000,9.86,20.74,2.0,1.972,0.02
002837,002837,英维克,2016-12-19,2016-12-29,2000,2000,18.0,22.22,2.0,3.6,0.01
603218,732218,日月股份,2016-12-19,2016-12-28,4100,3690,23.9,22.99,1.2,9.799,0.04
002833,002833,弘亚数控,2016-12-19,2016-12-28,3336,3002,10.11,15.56,1.3,3.3760000000000003,0.03
601375,780375,中原证券,2016-12-16,2017-01-03,70000,63000,4.0,11.23,21.0,28.0,0.24
300582,300582,英飞特,2016-12-16,2016-12-28,3300,2970,14.85,22.98,1.3,4.901,0.03
002835,002835,同为股份,2016-12-15,2016-12-28,2700,2430,12.34,22.98,1.05,3.332,0.02
603886,732886,元祖股份,2016-12-15,2016-12-28,6000,5400,10.16,22.98,2.4,6.096,0.04
002832,002832,比音勒芬,2016-12-14,2016-12-23,2667,2400,26.17,22.99,1.05,6.98,0.02
603298,732298,杭叉集团,2016-12-14,2016-12-27,8666,7799,12.67,22.97,2.5,10.98,0.06
600996,730996,贵广网络,2016-12-13,2016-12-26,21000,18900,8.92,22.99,6.3,18.732,0.1
300579,300579,数字认证,2016-12-12,2016-12-23,2000,2000,13.32,22.99,2.0,2.6639999999999997,0.02
603058,732058,永吉股份,2016-12-12,2016-12-23,4216,3794,4.76,22.96,1.2,2.4459999999999997,0.04
603577,732577,汇金通,2016-12-09,2016-12-22,2918,2626,11.1,22.98,1.1,3.239,0.03
300581,300581,晨曦航空,2016-12-09,2016-12-20,1130,1130,24.23,22.99,1.1,2.738,0.01
300577,300577,开润股份,2016-12-08,2016-12-21,1667,1667,19.58,22.99,1.65,3.264,0.01
603416,732416,信捷电气,2016-12-08,2016-12-21,2510,2259,17.85,22.98,1.0,4.48,0.03
603823,732823,百合花,2016-12-07,2016-12-20,5625,4050,10.6,22.08,2.2,4.84,0.03
300576,300576,容大感光,2016-12-07,2016-12-20,2000,2000,8.24,22.99,2.0,1.6480000000000001,0.02
300575,300575,中旗股份,2016-12-06,2016-12-20,1835,1835,22.29,18.12,1.8,4.09,0.01
603878,732878,武进不锈,2016-12-06,2016-12-19,5050,4545,14.87,22.98,2.0,8.912,0.04
603389,732389,亚振家居,2016-12-05,2016-12-15,5475,4928,7.79,22.97,2.1,4.265,0.04
002831,002831,裕同科技,2016-12-05,2016-12-16,4001,3601,36.77,22.99,1.2,14.712,0.03
002829,002829,星网宇达,2016-12-02,2016-12-13,1900,1900,17.65,22.99,1.9,3.353,0.01
603585,732585,苏利股份,2016-12-02,2016-12-14,2500,2250,26.79,22.99,1.0,6.697,0.03
002830,002830,名雕股份,2016-12-01,2016-12-13,1667,1667,16.53,22.96,1.65,2.7560000000000002,0.01
603098,732098,森特股份,2016-12-01,2016-12-16,6251,5626,9.18,22.98,1.8,5.7379999999999995,0.05
300571,300571,平治信息,2016-11-30,2016-12-13,1000,1000,12.04,22.97,1.0,1.204,0.01
603708,732708,家家悦,2016-11-30,2016-12-13,9000,8100,13.64,21.65,3.6,12.277999999999999,0.05
603928,732928,兴业股份,2016-11-29,2016-12-12,5040,4536,10.12,19.06,2.0,5.101,0.04
300573,300573,兴齐眼药,2016-11-29,2016-12-08,2000,2000,5.16,22.97,2.0,1.033,0.02
002828,002828,贝肯能源,2016-11-28,2016-12-08,2930,2637,12.02,22.97,1.1,3.522,0.03
603036,732036,如通股份,2016-11-28,2016-12-09,5084,4576,6.84,22.95,2.0,3.477,0.04
603990,732990,麦迪科技,2016-11-25,2016-12-08,2000,2000,9.69,22.99,2.0,1.9380000000000002,0.02
002827,002827,高争民爆,2016-11-25,2016-12-09,4600,4140,8.23,22.97,1.8,3.786,0.03
300570,300570,太辰光,2016-11-24,2016-12-06,3194,2875,20.59,22.99,1.15,6.577000000000001,0.03
603033,732033,三维股份,2016-11-24,2016-12-07,2270,2043,17.55,18.09,0.8,3.984,0.03
600909,730909,华安证券,2016-11-23,2016-12-06,80000,72000,6.41,12.44,24.0,51.28,0.27
300572,300572,安车检测,2016-11-23,2016-12-06,1667,1667,13.79,22.98,1.65,2.299,0.01
002826,002826,易明医药,2016-11-22,2016-12-09,4743,4269,6.06,22.98,1.85,2.8739999999999997,0.03
300568,300568,星源材质,2016-11-21,2016-12-01,3000,2700,21.65,22.99,1.2,6.495,0.03
603319,732319,湘油泵,2016-11-21,2016-11-30,2023,1821,10.46,22.98,0.7,2.116,0.03
603559,732559,中通国脉,2016-11-18,2016-12-02,2200,1980,10.34,22.98,0.6,2.275,0.03
002825,002825,纳尔股份,2016-11-18,2016-11-29,2500,2250,10.17,18.62,1.0,2.544,0.02
002822,002822,中装建设,2016-11-17,2016-11-29,7500,6750,10.23,21.35,3.0,7.676,0.04
603660,732660,苏州科达,2016-11-17,2016-12-01,6250,4500,8.03,17.55,2.5,4.075,0.03
300569,300569,天能重工,2016-11-16,2016-11-25,2084,1876,41.57,20.08,0.8,8.663,0.03
603323,732323,吴江银行,2016-11-16,2016-11-29,11150,10035,6.83,12.62,3.3,7.615,0.07
002823,002823,凯中精密,2016-11-15,2016-11-24,3600,3240,13.73,22.97,1.4,4.9430000000000005,0.03
603819,732819,神力股份,2016-11-15,2016-11-25,3000,2700,8.77,22.98,0.9,2.6310000000000002,0.04
603336,732336,宏辉果蔬,2016-11-14,2016-11-24,3335,3002,9.31,20.68,1.2,3.105,0.03
300567,300567,精测电子,2016-11-11,2016-11-22,2000,2000,19.92,22.99,2.0,3.984,0.02
603900,732900,莱绅通灵,2016-11-11,2016-11-23,6080,5472,14.25,19.52,2.4,8.664,0.04
603727,732727,博迈科,2016-11-10,2016-11-22,5870,5283,20.81,22.99,2.3,12.215,0.04
300565,300565,科信技术,2016-11-10,2016-11-22,4000,3600,8.78,22.98,1.5,3.512,0.03
603987,732987,康德莱,2016-11-09,2016-11-21,5260,4734,9.5,22.99,2.0,4.997,0.04
002821,002821,凯莱英,2016-11-09,2016-11-18,2822,2058,30.53,22.95,1.1,7.066,0.02
603858,732858,步长制药,2016-11-08,2016-11-18,6980,6282,55.88,22.99,2.0,39.004,0.05
002820,002820,桂发祥,2016-11-08,2016-11-18,3200,2880,16.6,22.99,1.25,5.312,0.03
603633,732633,徕木股份,2016-11-07,2016-11-17,3009,2708,6.75,22.98,1.2,2.031,0.03
300562,300562,乐心医疗,2016-11-07,2016-11-16,1480,1480,15.63,22.99,1.45,2.313,0.01
